name,number,year,asab
Rebecca ,30,1980,F
Sarah ,24,1980,F
Samantha ,15,1980,F
Michelle ,14,1980,F
Natasha ,14,1980,F
Anna ,12,1980,F
Jennifer ,12,1980,F
Kelly ,12,1980,F
Lisa ,12,1980,F
Shannon ,12,1980,F
Emma ,11,1980,F
Melissa ,11,1980,F
Amy ,10,1980,F
Chloe,23,2002,F
Jessica,22,2002,F
Emma,14,2002,F
Grace,14,2002,F
Sarah,13,2002,F
Shakira,14,2002,F
Emily,13,2002,F
Amy,12,2002,F
Hannah,12,2002,F
Hayley,12,2002,F
Jasmine,11,2002,F
Madison,11,2002,F
Georgia,10,2002,F
Ella,9,2002,F
Lucy,9,2002,F
Maria,9,2002,F
Samantha,9,2002,F
Caitlin,8,2002,F
Charlotte,8,2002,F
Danielle,8,2002,F
Chloe,24,2003,F
Jessica,20,2003,F
Emma,19,2003,F
Sarah,18,2003,F
Emily,16,2003,F
Jasmine,13,2003,F
Ella,12,2003,F
Hannah,12,2003,F
Isabella,11,2003,F
Jade,11,2003,F
Grace,10,2003,F
Hayley,10,2003,F
Zoe,10,2003,F
Elizabeth,9,2003,F
Tahlia,9,2003,F
Taylah,9,2003,F
Amelia,8,2003,F
Ashleigh,8,2003,F
Madison,8,2003,F
Olivia,8,2003,F
Charlotte,18,2004,F
Jessica,17,2004,F
Chloe,15,2004,F
Hannah,15,2004,F
Emily,14,2004,F
Ella,13,2004,F
Grace,13,2004,F
Jasmine,13,2004,F
Sarah,12,2004,F
Amy,11,2004,F
Isabella,11,2004,F
Mia,11,2004,F
Amelia,10,2004,F
Olivia,10,2004,F
Hayley,9,2004,F
Emma,8,2004,F
Matilda,8,2004,F
Anna,7,2004,F
Brooke,7,2004,F
Jade,7,2004,F
Emily,20,2005,F
Lily,19,2005,F
Sophie,17,2005,F
Chloe,15,2005,F
Grace,15,2005,F
Jessica,14,2005,F
Charlotte,11,2005,F
Emma,11,2005,F
Georgia,11,2005,F
Mia,11,2005,F
Madison,10,2005,F
Hannah,9,2005,F
Holly,9,2005,F
Molly,9,2005,F
Tahlia,9,2005,F
Bella,8,2005,F
Isabella,8,2005,F
Tia,8,2005,F
Alicia,7,2005,F
Alyssa,7,2005,F
Emily ,21,2006,F
Ella ,18,2006,F
Georgia ,17,2006,F
Jessica ,17,2006,F
Grace ,16,2006,F
Isabella ,16,2006,F
Chloe ,14,2006,F
Lily ,14,2006,F
Mia ,14,2006,F
Sarah ,12,2006,F
Amelia ,12,2006,F
Sophie ,13,2006,F
Ruby ,11,2006,F
Hayley ,10,2006,F
Ruby ,10,2006,F
Tahlia ,10,2006,F
Matilda ,10,2006,F
Emma ,9,2006,F
Elizabeth ,9,2006,F
Charlotte ,9,2006,F
Lily,17,2007,F
Sophie,16,2007,F
Emily,15,2007,F
Olivia,13,2007,F
Sarah,13,2007,F
Chloe,12,2007,F
Grace,12,2007,F
Mia,12,2007,F
Isabella,11,2007,F
Charlotte,10,2007,F
Ella,10,2007,F
Hannah,10,2007,F
Jade,10,2007,F
Jessica,10,2007,F
Ava,9,2007,F
Emma,9,2007,F
Isabelle,9,2007,F
Matilda,9,2007,F
Amelia,8,2007,F
Madison,8,2007,F
Isabella,18,2008,F
Charlotte,16,2008,F
Chloe,15,2008,F
Ella,14,2008,F
Hannah,14,2008,F
Jessica,14,2008,F
Olivia,14,2008,F
Sophie,13,2008,F
Matilda,12,2008,F
Ruby,12,2008,F
Chelsea,11,2008,F
Lily,11,2008,F
Mia,11,2008,F
Emily,10,2008,F
Sarah,10,2008,F
Alyssa,9,2008,F
Ava,9,2008,F
Emma,9,2008,F
Isabelle,8,2008,F
Jade,8,2008,F
Isabella,21,2009,F
Matilda,18,2009,F
Lily,15,2009,F
Ruby,15,2009,F
Ava,13,2009,F
Jessica,13,2009,F
Olivia,13,2009,F
Zoe,13,2009,F
Charlotte,12,2009,F
Mia,12,2009,F
Chloe,11,2009,F
Grace,11,2009,F
Ella,10,2009,F
Emily,10,2009,F
Lucy,9,2009,F
Sarah,9,2009,F
Kayla,8,2009,F
Madison,8,2009,F
Molly,8,2009,F
Sophia,8,2009,F
Isabella ,19,2010,F
Olivia ,19,2010,F
Ava ,18,2010,F
Hannah ,18,2010,F
Grace ,16,2010,F
Charlotte ,15,2010,F
Ella ,14,2010,F
Matilda ,13,2010,F
Mia ,13,2010,F
Ruby ,11,2010,F
Chloe ,10,2010,F
Layla ,10,2010,F
Sophie ,10,2010,F
Jessica ,9,2010,F
Lily ,9,2010,F
Alexis ,8,2010,F
Amelia ,8,2010,F
Lucy ,8,2010,F
Isla ,7,2010,F
Jade ,7,2010,F
Emily,19,2011,F
Chloe,17,2011,F
Grace,17,2011,F
Mia,17,2011,F
Ruby,17,2011,F
Amelia,16,2011,F
Lily,15,2011,F
Sophie,14,2011,F
Ava,13,2011,F
Hannah,13,2011,F
Olivia,13,2011,F
Ella,11,2011,F
Hayley,10,2011,F
Sienna,10,2011,F
Bella,9,2011,F
Isabella,9,2011,F
Matilda,9,2011,F
Scarlett,9,2011,F
Zoe,9,2011,F
Charlotte,8,2011,F
Chloe ,23,2012,F
Ava ,21,2012,F
Olivia ,21,2012,F
Ruby ,19,2012,F
Mia ,17,2012,F
Sophie ,17,2012,F
Emily ,16,2012,F
Sophia ,16,2012,F
Grace ,15,2012,F
Charlotte ,14,2012,F
Isabella ,14,2012,F
Matilda ,14,2012,F
Amelia ,13,2012,F
Ella ,12,2012,F
Jasmine ,12,2012,F
Zoe ,11,2012,F
Hannah ,10,2012,F
Layla ,10,2012,F
Maddison ,10,2012,F
Alice ,9,2012,F
Charlotte ,28,2013,F
Olivia ,20,2013,F
Amelia ,18,2013,F
Ruby ,17,2013,F
Chloe ,15,2013,F
Matilda ,14,2013,F
Mia ,14,2013,F
Sophie ,14,2013,F
Emily ,12,2013,F
Evelyn ,12,2013,F
Grace ,12,2013,F
Isabella ,12,2013,F
Jasmine ,12,2013,F
Zoe ,12,2013,F
Lily ,11,2013,F
Madison ,11,2013,F
Ava ,9,2013,F
Ella ,9,2013,F
Isla ,9,2013,F
Savannah ,9,2013,F
Charlotte ,18,2014,F
Sophie ,17,2014,F
Olivia ,16,2014,F
Lily ,15,2014,F
Amelia ,14,2014,F
Ava ,13,2014,F
Grace ,13,2014,F
Ruby ,13,2014,F
Isla ,12,2014,F
Mia ,12,2014,F
Scarlett ,12,2014,F
Emily ,11,2014,F
Lucy ,11,2014,F
Matilda ,11,2014,F
Hannah ,10,2014,F
Jasmine ,10,2014,F
Sophia ,10,2014,F
Stella ,10,2014,F
Chloe ,9,2014,F
Annabelle ,8,2014,F
Charlotte ,20,2015,F
Ava ,14,2015,F
Ella ,14,2015,F
Emily ,14,2015,F
Lucy ,14,2015,F
Olivia ,14,2015,F
Isla ,13,2015,F
Matilda ,13,2015,F
Sophie ,13,2015,F
Chloe ,12,2015,F
Evie ,12,2015,F
Grace ,11,2015,F
Isabelle ,11,2015,F
Lily ,11,2015,F
Harper ,10,2015,F
Isabella ,10,2015,F
Maria ,10,2015,F
Sophia ,10,2015,F
Zoe ,10,2015,F
Alice ,9,2015,F
Charlotte ,31,2016,F
Emily ,17,2016,F
Ava ,14,2016,F
Sophie ,14,2016,F
Amelia ,13,2016,F
Grace ,13,2016,F
Olivia ,13,2016,F
Scarlett ,13,2016,F
Ella ,12,2016,F
Isabella ,12,2016,F
Evie ,11,2016,F
Mia ,11,2016,F
Chloe ,9,2016,F
Isla ,9,2016,F
Matilda ,9,2016,F
Ruby ,9,2016,F
Abigail ,8,2016,F
Billie ,8,2016,F
Harper ,8,2016,F
Ivy ,8,2016,F
Charlotte ,24,2017,F
Olivia ,18,2017,F
Ava ,15,2017,F
Isabella ,15,2017,F
Grace ,14,2017,F
Amelia,13,2017,F
Mia ,13,2017,F
Ruby ,13,2017,F
Lily ,12,2017,F
Sophie ,12,2017,F
Ella ,11,2017,F
Evelyn ,11,2017,F
Isla ,10,2017,F
Jasmine ,10,2017,F
Zoe ,10,2017,F
Chloe ,9,2017,F
Eva ,9,2017,F
Georgia ,9,2017,F
Lucy ,9,2017,F
Sophia ,9,2017,F
Charlotte,20,2018,F
Evelyn,14,2018,F
Isla,14,2018,F
Olivia,13,2018,F
Amelia,12,2018,F
Ruby,12,2018,F
Abigail,10,2018,F
Isabella,10,2018,F
Matilda,10,2018,F
Mia,10,2018,F
Sophia,10,2018,F
Zoe,10,2018,F
Emily,9,2018,F
Georgia,9,2018,F
Layla,9,2018,F
Sienna,9,2018,F
Ivy,8,2018,F
Phoebe,8,2018,F
Willow,8,2018,F
Grace ,15,2019,F
Mia ,14,2019,F
Olivia ,14,2019,F
Charlotte ,13,2019,F
Isla ,13,2019,F
Aria ,12,2019,F
Ruby ,12,2019,F
Chloe ,11,2019,F
Harper ,11,2019,F
Isabella ,11,2019,F
Matilda ,11,2019,F
Amelia ,9,2019,F
Ava ,9,2019,F
Ella ,9,2019,F
Lily ,8,2019,F
Maya ,8,2019,F
Sophia ,8,2019,F
Willow ,8,2019,F
Zoe ,8,2019,F
Charlotte ,15,2020,F
Olivia ,14,2020,F
Isla ,12,2020,F
Matilda ,12,2020,F
Amelia ,10,2020,F
Grace ,10,2020,F
Hazel ,10,2020,F
Mia ,10,2020,F
Willow ,10,2020,F
Violet ,9,2020,F
Ellie ,8,2020,F
Isabella ,8,2020,F
Lucy ,8,2020,F
Mila ,8,2020,F
Chloe ,7,2020,F
Hannah ,7,2020,F
Ivy ,7,2020,F
Ruby ,7,2020,F
Sienna ,7,2020,F
Isla,15,2021,F
Ivy,14,2021,F
Amelia,12,2021,F
Ava,12,2021,F
Charlotte,12,2021,F
Hazel,11,2021,F
Matilda,11,2021,F
Mia,11,2021,F
Florence,9,2021,F
Harper,9,2021,F
Lily,9,2021,F
Luna,9,2021,F
Olivia,9,2021,F
Grace,8,2021,F
Willow,8,2021,F
Frankie,7,2021,F
Lucy,7,2021,F
Mila,7,2021,F
Olive,7,2021,F
Ruby,7,2021,F
Charlotte,18,2022,F
Matilda,16,2022,F
Ava,14,2022,F
Amelia,13,2022,F
Ella,13,2022,F
Isla,13,2022,F
Harper,12,2022,F
Isabella,12,2022,F
Grace,9,2022,F
Frankie,8,2022,F
Ruby,8,2022,F
Sadie,8,2022,F
Willow,8,2022,F
Evelyn,7,2022,F
Mila,7,2022,F
Olivia,7,2022,F
Aaliyah,6,2022,F
Aurora,6,2022,F
Freya,6,2022,F
Kiara,6,2022,F
Daniel ,38,1980,M
Andrew ,28,1980,M
David ,27,1980,M
Michael ,25,1980,M
Matthew ,24,1980,M
Jason ,22,1980,M
Adam ,21,1980,M
Mark ,21,1980,M
James ,20,1980,M
Robert ,20,1980,M
Christopher ,19,1980,M
Nathan ,19,1980,M
Benjamin ,18,1980,M
Joshua,38,2002,M
Jack,31,2002,M
Thomas,29,2002,M
Ethan,28,2002,M
Liam,27,2002,M
Jacob,24,2002,M
Matthew,22,2002,M
Mitchell,20,2002,M
Lachlan,19,2002,M
Daniel,17,2002,M
Ryan,16,2002,M
Jake,15,2002,M
David,14,2002,M
Michael,14,2002,M
Samuel,14,2002,M
Aaron,13,2002,M
Benjamin,13,2002,M
Caleb,13,2002,M
Dylan,12,2002,M
Alex,11,2002,M
Jack,33,2003,M
Thomas,27,2003,M
Joshua,25,2003,M
William,23,2003,M
Mitchell,21,2003,M
John,20,2003,M
Matthew,20,2003,M
Michael,20,2003,M
Dylan,18,2003,M
Ethan,18,2003,M
Nicholas,18,2003,M
Connor,17,2003,M
Daniel,17,2003,M
James,17,2003,M
Liam,16,2003,M
Samuel,16,2003,M
Jacob,14,2003,M
Lachlan,14,2003,M
Patrick,13,2003,M
Angus,12,2003,M
Joshua,23,2004,M
Liam,23,2004,M
Thomas,21,2004,M
Matthew,20,2004,M
Daniel,19,2004,M
Jack,19,2004,M
William,19,2004,M
Samuel,17,2004,M
Dylan,15,2004,M
Luke,15,2004,M
Connor,14,2004,M
James,14,2004,M
Lachlan,14,2004,M
Caleb,13,2004,M
Michael,13,2004,M
Nicholas,13,2004,M
Ryan,13,2004,M
Ethan,12,2004,M
Jason,12,2004,M
Jackson,11,2004,M
Jack,26,2005,M
James,22,2005,M
Lachlan,22,2005,M
Benjamin,19,2005,M
Joshua,19,2005,M
Ryan,17,2005,M
John,16,2005,M
Patrick,16,2005,M
Samuel,16,2005,M
William,15,2005,M
Dylan,14,2005,M
Riley,14,2005,M
Matthew,13,2005,M
Connor,12,2005,M
Daniel,12,2005,M
Ethan,12,2005,M
Zachary,12,2005,M
Luke,11,2005,M
Thomas,11,2005,M
Xavier,11,2005,M
Jack ,36,2006,M
Joshua ,30,2006,M
James ,23,2006,M
Thomas ,20,2006,M
Ethan ,20,2006,M
Lachlan ,19,2006,M
Michael ,18,2006,M
William ,17,2006,M
Jacob ,18,2006,M
Xavier ,16,2006,M
Jake ,16,2006,M
Dylan ,14,2006,M
Joseph ,14,2006,M
Liam ,14,2006,M
Luke ,14,2006,M
Mitchell ,12,2006,M
Samuel ,12,2006,M
Ryan ,12,2006,M
Jayden ,11,2006,M
Daniel ,11,2006,M
Jack,28,2007,M
Joshua,27,2007,M
Thomas,23,2007,M
Ethan,20,2007,M
William,20,2007,M
James,19,2007,M
Laclan,18,2007,M
Riley,18,2007,M
Michael,16,2007,M
Robert,16,2007,M
Nathan,15,2007,M
Ryan,15,2007,M
Liam,14,2007,M
Samuel,14,2007,M
Cooper,13,2007,M
Daniel,13,2007,M
David,12,2007,M
Lucas,12,2007,M
Angus,11,2007,M
Cameron,11,2007,M
William,34,2008,M
Lachlan,25,2008,M
Jack,23,2008,M
Joshua,21,2008,M
Ethan,18,2008,M
Mitchell,18,2008,M
Riley,18,2008,M
Thomas,18,2008,M
Joseph,15,2008,M
Cooper           ,14,2008,M
Jacob,14,2008,M
Matthew,14,2008,M
Isaac,13,2008,M
Max,13,2008,M
Michael,13,2008,M
Samuel,13,2008,M
Jackson,12,2008,M
Jayden ,12,2008,M
Liam,12,2008,M
Noah,12,2008,M
Jack,35,2009,M
James,23,2009,M
Ethan,22,2009,M
William,21,2009,M
Jacob,20,2009,M
Lachlan,20,2009,M
Joshua,19,2009,M
Riley,17,2009,M
Max,15,2009,M
Xavier           ,15,2009,M
Cooper,14,2009,M
Liam,14,2009,M
Mason,14,2009,M
Thomas,14,2009,M
Tyler,14,2009,M
Lucas,13,2009,M
Michael,13,2009,M
Dylan ,12,2009,M
Mitchell,12,2009,M
Oliver,12,2009,M
Jack ,31,2010,M
Jacob ,20,2010,M
Lachlan ,19,2010,M
Thomas ,19,2010,M
Charlie ,18,2010,M
James ,18,2010,M
Joshua ,18,2010,M
William ,17,2010,M
Ethan ,16,2010,M
Noah            ,16,2010,M
Cooper ,14,2010,M
Isaac ,14,2010,M
Max ,14,2010,M
Riley ,14,2010,M
Samuel ,14,2010,M
Ryan ,13,2010,M
Xavier ,13,2010,M
Liam  ,12,2010,M
Michael ,12,2010,M
Lucas ,11,2010,M
William,26,2011,M
Jack,22,2011,M
Ethan,20,2011,M
James,20,2011,M
Alexander,19,2011,M
Joshua,19,2011,M
Liam,19,2011,M
Thomas,19,2011,M
Oliver,17,2011,M
Lachlan,16,2011,M
Jacob,15,2011,M
John,15,2011,M
Samuel,15,2011,M
Tyler,15,2011,M
Benjamin,13,2011,M
Lucas,13,2011,M
Noah,13,2011,M
Ryan,12,2011,M
Cameron,12,2011,M
Cooper,12,2011,M
William ,23,2012,M
James ,22,2012,M
Jack ,21,2012,M
Lachlan ,18,2012,M
Cooper ,16,2012,M
Lucas ,16,2012,M
Michael ,16,2012,M
Ryan ,16,2012,M
Ethan ,15,2012,M
Riley ,15,2012,M
Thomas ,15,2012,M
Daniel ,14,2012,M
Levi ,13,2012,M
Liam ,13,2012,M
Mason ,13,2012,M
Samuel ,13,2012,M
Charlie ,13,2012,M
Harrison ,12,2012,M
Henry ,12,2012,M
Tyler ,12,2012,M
William ,21,2013,M
Cooper ,19,2013,M
Oliver ,18,2013,M
Lucas ,17,2013,M
John ,16,2013,M
Mason ,16,2013,M
Noah ,15,2013,M
Thomas ,15,2013,M
Alexander ,14,2013,M
Jack ,14,2013,M
Michael ,13,2013,M
Ethan ,12,2013,M
Jaxon ,12,2013,M
Logan ,12,2013,M
Riley ,12,2013,M
Xavier ,12,2013,M
Issac ,11,2013,M
Jackson ,11,2013,M
James ,11,2013,M
Lachlan ,11,2013,M
William ,29,2014,M
Noah ,24,2014,M
Jack ,21,2014,M
Thomas ,17,2014,M
Hunter ,16,2014,M
James ,16,2014,M
Oliver ,16,2014,M
Jayden ,15,2014,M
Lachlan ,15,2014,M
Logan ,14,2014,M
Mason ,14,2014,M
Harry ,13,2014,M
Isaac ,13,2014,M
Michael ,13,2014,M
Samuel ,13,2014,M
Jackson ,12,2014,M
John ,12,2014,M
Lucas ,12,2014,M
Alexander ,11,2014,M
Charlie ,11,2014,M
Jack ,24,2015,M
James ,22,2015,M
William ,19,2015,M
Thomas ,18,2015,M
Levi ,16,2015,M
Oliver ,15,2015,M
Ryan ,15,2015,M
Lucas ,14,2015,M
Hunter ,13,2015,M
Isaac ,13,2015,M
Lachlan ,13,2015,M
Liam ,13,2015,M
Samuel ,13,2015,M
Eli ,12,2015,M
Harrison ,12,2015,M
Henry ,12,2015,M
Mason ,12,2015,M
Max ,12,2015,M
Noah ,12,2015,M
Xavier ,12,2015,M
Jack ,26,2016,M
Noah ,22,2016,M
Charlie ,20,2016,M
Oliver ,20,2016,M
James ,19,2016,M
Jacob ,18,2016,M
William ,15,2016,M
Eli ,14,2016,M
Nathan ,14,2016,M
Max ,13,2016,M
Elijah ,12,2016,M
Ethan ,12,2016,M
Mason ,12,2016,M
Michael ,12,2016,M
Cooper ,11,2016,M
Harry ,11,2016,M
Hunter ,11,2016,M
Jackson ,11,2016,M
Lachlan ,11,2016,M
Patrick ,11,2016,M
Jack ,27,2017,M
Mason ,21,2017,M
Oliver ,20,2017,M
Noah ,18,2017,M
James ,17,2017,M
William ,16,2017,M
Logan ,15,2017,M
Lucas ,15,2017,M
Thomas ,15,2017,M
Elijah ,14,2017,M
Ethan ,13,2017,M
Henry ,12,2017,M
Hudson ,12,2017,M
Isaac ,12,2017,M
Samuel ,12,2017,M
Benjamin ,11,2017,M
Jacob ,11,2017,M
Lachlan ,11,2017,M
Leo ,11,2017,M
Max ,11,2017,M
Jack,20,2018,M
Oliver,18,2018,M
Michael,17,2018,M
Noah,15,2018,M
Alexander,14,2018,M
Ethan,14,2018,M
William,13,2018,M
Cooper,12,2018,M
John,12,2018,M
Joseph,12,2018,M
Thomas,12,2018,M
Henry,11,2018,M
Hunter,11,2018,M
Jacob,11,2018,M
Jaxon,11,2018,M
Jordan,11,2018,M
Mason,11,2018,M
Max,11,2018,M
Arlo,10,2018,M
Oliver ,20,2019,M
William ,18,2019,M
Michael ,15,2019,M
Jack ,13,2019,M
Liam ,13,2019,M
Lucas ,13,2019,M
Noah ,11,2019,M
Thomas ,11,2019,M
Daniel ,10,2019,M
Elijah ,10,2019,M
Jacob ,10,2019,M
Joshua ,10,2019,M
Logan ,10,2019,M
Alexander ,9,2019,M
Archer ,9,2019,M
Arthur ,9,2019,M
Eli ,9,2019,M
Lincoln ,9,2019,M
Oscar ,9,2019,M
William ,20,2020,M
Jack ,16,2020,M
Oliver ,15,2020,M
Lucas ,14,2020,M
Alexander ,12,2020,M
Henry ,11,2020,M
James ,11,2020,M
Noah ,11,2020,M
Hudson ,10,2020,M
Isaac ,10,2020,M
Thomas ,10,2020,M
Billy ,9,2020,M
Jayden ,9,2020,M
John ,9,2020,M
Leo ,9,2020,M
Lincoln ,9,2020,M
Mayson ,9,2020,M
Oscar ,9,2020,M
Theodore ,9,2020,M
Charlie,16,2021,M
Jack,15,2021,M
James,14,2021,M
Noah,14,2021,M
Elijah,13,2021,M
Luca,13,2021,M
Lucas,12,2021,M
Oliver,12,2021,M
Thomas,12,2021,M
Michael,11,2021,M
Archie,10,2021,M
Leo,10,2021,M
Angus,9,2021,M
Ezekiel,9,2021,M
Henry,9,2021,M
Joseph,9,2021,M
Mason,9,2021,M
Theodore,9,2021,M
William,9,2021,M
Eli,8,2021,M
Noah,16,2022,M
William,16,2022,M
Levi,14,2022,M
Michael,12,2022,M
Xavier,12,2022,M
Hudson,11,2022,M
Jack,11,2022,M
James,11,2022,M
Archer,10,2022,M
Harry,10,2022,M
Lucas,10,2022,M
Charlie,9,2022,M
Henry,9,2022,M
Leo,9,2022,M
Liam,9,2022,M
Max,9,2022,M
Oliver,9,2022,M
Samuel,9,2022,M
Arthur,8,2022,M
Billy,8,2022,M