rank,name,number,asab,year
1,Margaret,196,F,1930
2,Patricia,143,F,1930
3,Betty,136,F,1930
4,Shirley,117,F,1930
5,Joan,116,F,1930
5,Dorothy,116,F,1930
6,Mary,110,F,1930
8,Kathleen,83,F,1930
9,Valma,79,F,1930
10,Beryl,75,F,1930
1,John,311,M,1930
2,Robert,211,M,1930
3,William,205,M,1930
4,Ronald,192,M,1930
5,James,132,M,1930
6,Brian,123,M,1930
7,Raymond,113,M,1930
8,Donald,110,M,1930
9,Peter,92,M,1930
10,George,88,M,1930
1,Margaret,225,F,1931
2,Patricia,136,F,1931
3,Shirley,127,F,1931
4,Dorothy,112,F,1931
5,Betty,105,F,1931
6,Joan,95,F,1931
7,Jean,76,F,1931
8,Mary,74,F,1931
9,Beryl,72,F,1931
10,Valma,69,F,1931
1,John,310,M,1931
2,Robert,189,M,1931
3,Ronald,187,M,1931
4,William,185,M,1931
5,Brian,135,M,1931
6,James,113,M,1931
7,Donald,112,M,1931
8,Raymond,100,M,1931
9,George,95,M,1931
10,Kenneth,91,M,1931
10,Edward,91,M,1931
1,Margaret,220,F,1932
2,Patricia,142,F,1932
3,Betty,100,F,1932
4,Shirley,93,F,1932
5,Joan,89,F,1932
6,Dorothy,88,F,1932
7,Mary,85,F,1932
8,Barbara,68,F,1932
9,Valma,67,F,1932
10,Elizabeth,64,F,1932
1,John,280,M,1932
2,William,169,M,1932
3,Robert,160,M,1932
4,Ronald,148,M,1932
5,Brian,135,M,1932
6,Donald,109,M,1932
7,Raymond,104,M,1932
8,Peter,103,M,1932
9,James,97,M,1932
10,Colin,83,M,1932
1,Margaret,223,F,1933
2,Patricia,128,F,1933
3,Shirley,109,F,1933
4,Joan,99,F,1933
5,Betty,96,F,1933
5,Dorothy,96,F,1933
5,Mary,96,F,1933
6,Barbara,71,F,1933
7,Valma,64,F,1933
8,Kathleen,59,F,1933
8,Norma,59,F,1933
9,June,51,F,1933
10,Jean,49,F,1933
1,John,251,M,1933
2,William,178,M,1933
3,Robert,176,M,1933
4,Ronald,167,M,1933
5,Brian,131,M,1933
6,Donald,96,M,1933
7,Raymond,89,M,1933
8,Kevin,87,M,1933
9,James,82,M,1933
10,Peter,79,M,1933
10,George,79,M,1933
1,Margaret,190,F,1934
2,Patricia,153,F,1934
3,Dorothy,107,F,1934
3,Shirley,107,F,1934
4,Betty,103,F,1934
5,Joan,91,F,1934
6,Barbara,74,F,1934
7,Mary,73,F,1934
8,Valma,66,F,1934
9,Elizabeth,59,F,1934
10,Kathleen,57,F,1934
1,John,281,M,1934
2,Ronald,171,M,1934
3,Robert,167,M,1934
4,William,158,M,1934
5,Brian,146,M,1934
6,Peter,108,M,1934
7,Donald,97,M,1934
8,James,96,M,1934
9,George,83,M,1934
10,Raymond,76,M,1934
1,Margaret,203,F,1935
2,Patricia,158,F,1935
3,Shirley,156,F,1935
4,Dorothy,99,F,1935
5,Joan,83,F,1935
6,Mary,81,F,1935
7,Valma,70,F,1935
9,Valerie,64,F,1935
9,Barbara,64,F,1935
10,Betty,62,F,1935
1,John,293,M,1935
2,Robert,192,M,1935
3,Ronald,163,M,1935
4,William,153,M,1935
5,Brian,142,M,1935
6,James,126,M,1935
7,Donald,118,M,1935
8,Peter,104,M,1935
10,Raymond,82,M,1935
1,Margaret,231,F,1936
2,Shirley,178,F,1936
3,Patricia,168,F,1936
4,Joan,101,F,1936
5,Maureen,82,F,1936
6,Dorothy,81,F,1936
7,Barbara,76,F,1936
8,Mary,66,F,1936
9,Norma,62,F,1936
10,Valma,61,F,1936
1,John,294,M,1936
2,Robert,187,M,1936
3,William,174,M,1936
4,Ronald,160,M,1936
5,Brian,151,M,1936
6,Peter,119,M,1936
7,Donald,107,M,1936
8,Raymond,100,M,1936
9,Kevin,99,M,1936
10,James,93,M,1936
1,Margaret,252,F,1937
2,Patricia,158,F,1937
3,Shirley,117,F,1937
4,Dorothy,107,F,1937
5,Joan,85,F,1937
6,Elizabeth,78,F,1937
7,Pamela,74,F,1937
8,Valerie,68,F,1937
9,Mary,64,F,1937
10,Judith,63,F,1937
1,John,283,M,1937
2,Robert,213,M,1937
3,Ronald,162,M,1937
4,Brian,139,M,1937
5,William,134,M,1937
6,Peter,129,M,1937
7,Donald,108,M,1937
8,James,102,M,1937
9,Kevin,99,M,1937
10,Kenneth,86,M,1937
1,Margaret,282,F,1938
2,Patricia,133,F,1938
3,Judith,97,F,1938
4,Shirley,95,F,1938
5,Dorothy,86,F,1938
6,Maureen,84,F,1938
7,Mary,79,F,1938
8,Valerie,77,F,1938
10,Joan,71,F,1938
1,John,280,M,1938
2,Robert,206,M,1938
3,Ronald,181,M,1938
4,William,175,M,1938
5,Brian,138,M,1938
6,Peter,131,M,1938
7,Barry,112,M,1938
8,Kevin,106,M,1938
9,Donald,103,M,1938
1,Margaret,257,F,1939
2,Patricia,148,F,1939
3,Dorothy,98,F,1939
4,Maureen,92,F,1939
5,Shirley,91,F,1939
6,Valerie,87,F,1939
7,Joan,86,F,1939
8,Judith,81,F,1939
9,Mary,67,F,1939
10,Janice,66,F,1939
1,John,312,M,1939
2,Robert,226,M,1939
3,Peter,159,M,1939
4,William,152,M,1939
5,Brian,139,M,1939
6,Ronald,119,M,1939
7,Kevin,110,M,1939
8,Barry,102,M,1939
9,Raymond,95,M,1939
10,James,93,M,1939
1,Margaret,214,F,1940
2,Patricia,146,F,1940
3,Judith,121,F,1940
4,Dorothy,92,F,1940
5,Janice,91,F,1940
6,Barbara,86,F,1940
7,Maureen,81,F,1940
8,Mary,80,F,1940
9,Lynette,72,F,1940
10,Elizabeth,68,F,1940
1,John,319,M,1940
2,Robert,232,M,1940
3,Peter,144,M,1940
4,Brian,132,M,1940
5,Ronald,124,M,1940
6,William,123,M,1940
8,Barry,109,M,1940
9,Kevin,104,M,1940
10,James,92,M,1940
10,David,92,M,1940
1,Margaret,257,F,1941
2,Patricia,145,F,1941
3,Judith,125,F,1941
4,Janice,120,F,1941
5,Lynette,102,F,1941
6,Helen,99,F,1941
7,Dorothy,93,F,1941
9,Maureen,89,F,1941
10,Wendy,79,F,1941
1,John,355,M,1941
2,Robert,282,M,1941
3,Peter,191,M,1941
4,William,157,M,1941
5,Ronald,132,M,1941
6,Kevin,129,M,1941
7,Brian,127,M,1941
9,Barry,108,M,1941
10,James,102,M,1941
1,Margaret,225,F,1942
2,Patricia,168,F,1942
3,Judith,128,F,1942
4,Janice,110,F,1942
5,Lynette,103,F,1942
6,Maureen,96,F,1942
7,Mary,82,F,1942
8,Barbara,80,F,1942
9,Helen,79,F,1942
10,Shirley,77,F,1942
1,John,368,M,1942
2,Robert,261,M,1942
3,Peter,167,M,1942
4,William,159,M,1942
5,Brian,132,M,1942
6,Ronald,110,M,1942
7,Kevin,104,M,1942
8,Barry,98,M,1942
9,Kenneth,95,M,1942
1,Margaret,208,F,1943
2,Patricia,169,F,1943
3,Judith,119,F,1943
4,Janice,117,F,1943
5,Lynette,104,F,1943
6,Pamela,97,F,1943
7,Kaye,96,F,1943
8,Maureen,92,F,1943
9,Helen,78,F,1943
10,Wendy,76,F,1943
1,John,372,M,1943
2,Robert,295,M,1943
3,Peter,219,M,1943
4,William,144,M,1943
6,Brian,132,M,1943
7,Ronald,127,M,1943
8,Kenneth,123,M,1943
8,Barry,123,M,1943
9,Kevin,118,M,1943
10,David,109,M,1943
1,Margaret,209,F,1944
2,Patricia,142,F,1944
3,Judith,140,F,1944
4,Lynette,125,F,1944
5,Maureen,113,F,1944
6,Janice,108,F,1944
7,Barbara,99,F,1944
8,Kaye,97,F,1944
9,Helen,94,F,1944
10,Pamela,85,F,1944
1,John,366,M,1944
2,Robert,335,M,1944
3,Peter,256,M,1944
4,Brian,156,M,1944
5,Ronald,134,M,1944
6,William,132,M,1944
7,Barry,115,M,1944
8,David,111,M,1944
8,Kevin,111,M,1944
10,Ian,109,M,1944
1,Margaret,238,F,1945
2,Patricia,147,F,1945
3,Judith,122,F,1945
4,Lynette,106,F,1945
5,Janice,105,F,1945
6,Helen,96,F,1945
7,Sandra,88,F,1945
8,Jennifer,85,F,1945
9,Barbara,84,F,1945
10,Elizabeth,83,F,1945
10,Kaye,83,F,1945
1,John,369,M,1945
2,Robert,303,M,1945
3,Peter,241,M,1945
4,William,146,M,1945
5,Ronald,136,M,1945
6,David,134,M,1945
7,Brian,121,M,1945
8,Kevin,120,M,1945
9,Kenneth,107,M,1945
10,Michael,100,M,1945
1,Margaret,265,F,1946
2,Patricia,157,F,1946
3,Janice,140,F,1946
4,Lynette,138,F,1946
5,Judith,130,F,1946
6,Helen,112,F,1946
7,Carol,101,F,1946
8,Mary,95,F,1946
9,Pamela,94,F,1946
10,Beverley,92,F,1946
1,John,406,M,1946
2,Robert,344,M,1946
3,Peter,340,M,1946
4,William,166,M,1946
5,Brian,162,M,1946
6,Kevin,157,M,1946
7,David,148,M,1946
8,Kenneth,138,M,1946
9,Ronald,134,M,1946
10,Barry,126,M,1946
10,Ian,126,M,1946
1,Margaret,251,F,1947
2,Lynette,152,F,1947
3,Patricia,147,F,1947
4,Helen,130,F,1947
5,Judith,127,F,1947
6,Carol,120,F,1947
7,Janice,116,F,1947
7,Susan,116,F,1947
8,Beverley,108,F,1947
10,Lorraine,105,F,1947
1,John,399,M,1947
2,Robert,357,M,1947
3,Peter,324,M,1947
4,Brian,171,M,1947
5,William,159,M,1947
6,Ian,150,M,1947
7,David,149,M,1947
8,Ronald,147,M,1947
9,Kenneth,142,M,1947
10,Kevin,139,M,1947
1,Margaret,244,F,1948
2,Patricia,164,F,1948
3,Helen,138,F,1948
4,Susan,137,F,1948
5,Lynette,115,F,1948
6,Jennifer,112,F,1948
7,Shirley,110,F,1948
7,Judith,110,F,1948
8,Janice,103,F,1948
9,Lorraine,99,F,1948
10,Elizabeth,97,F,1948
1,John,414,M,1948
2,Robert,330,M,1948
3,Peter,273,M,1948
4,Brian,186,M,1948
5,David,166,M,1948
6,William,162,M,1948
7,Kevin,160,M,1948
8,Michael,136,M,1948
9,Ronald,135,M,1948
10,Kenneth,129,M,1948
1,Margaret,215,F,1949
2,Lynette,161,F,1949
2,Susan,161,F,1949
3,Judith,139,F,1949
4,Patricia,135,F,1949
5,Sandra,124,F,1949
6,Jennifer,123,F,1949
7,Christine,116,F,1949
8,Helen,110,F,1949
9,Dianne,100,F,1949
9,Cheryl,100,F,1949
9,Pamela,100,F,1949
10,Lorraine,97,F,1949
1,John,424,M,1949
2,Peter,313,M,1949
3,Robert,307,M,1949
4,David,194,M,1949
5,Michael,174,M,1949
6,Brian,154,M,1949
7,Kenneth,153,M,1949
8,Ian,152,M,1949
9,Kevin,149,M,1949
9,William,149,M,1949
10,Raymond,148,M,1949
1,Margaret,222,F,1950
2,Susan,196,F,1950
3,Patricia,160,F,1950
4,Jennifer,154,F,1950
5,Judith,137,F,1950
6,Lynette,121,F,1950
7,Christine,120,F,1950
8,Helen,114,F,1950
9,Kerry,103,F,1950
10,Lorraine,99,F,1950
1,John,447,M,1950
2,Peter,358,M,1950
3,Robert,323,M,1950
4,Michael,187,M,1950
5,David,160,M,1950
6,Kevin,153,M,1950
7,Stephen,148,M,1950
8,Ronald,139,M,1950
9,Brian,135,M,1950
10,Ian,134,M,1950
1,Margaret,222,F,1951
2,Susan,178,F,1951
3,Jennifer,174,F,1951
4,Christine,169,F,1951
5,Patricia,166,F,1951
6,Lynette,152,F,1951
7,Judith,146,F,1951
8,Helen,111,F,1951
9,Barbara,105,F,1951
10,Lorraine,101,F,1951
1,Peter,426,M,1951
2,John,421,M,1951
3,Robert,314,M,1951
4,David,201,M,1951
5,Michael,191,M,1951
6,Kevin,156,M,1951
7,William,152,M,1951
7,Raymond,152,M,1951
8,Kenneth,147,M,1951
9,Brian,144,M,1951
10,Gary,143,M,1951
1,Susan,231,F,1952
2,Margaret,192,F,1952
3,Jennifer,187,F,1952
4,Christine,184,F,1952
5,Patricia,167,F,1952
6,Judith,164,F,1952
7,Helen,131,F,1952
8,Lynette,126,F,1952
9,Robyn,119,F,1952
10,Cheryl,118,F,1952
1,Peter,402,M,1952
2,John,373,M,1952
3,Robert,303,M,1952
4,Michael,218,M,1952
5,David,206,M,1952
6,Stephen,189,M,1952
7,Ian,177,M,1952
8,Gary,167,M,1952
9,Kevin,159,M,1952
10,Gregory,144,M,1952
1,Susan,259,F,1953
2,Jennifer,205,F,1953
3,Christine,175,F,1953
4,Margaret,166,F,1953
5,Patricia,161,F,1953
6,Lynette,157,F,1953
7,Kerry,144,F,1953
8,Helen,132,F,1953
9,Judith,125,F,1953
10,Elizabeth,113,F,1953
1,Peter,433,M,1953
2,John,339,M,1953
3,Robert,293,M,1953
4,Michael,233,M,1953
5,Stephen,197,M,1953
6,Gary,194,M,1953
7,David,178,M,1953
8,Gregory,167,M,1953
8,Kevin,167,M,1953
9,Ian,157,M,1953
10,Alan,149,M,1953
1,Susan,266,F,1954
2,Christine,201,F,1954
3,Jennifer,198,F,1954
4,Kerry,159,F,1954
5,Lynette,155,F,1954
6,Julie,145,F,1954
7,Margaret,143,F,1954
8,Helen,120,F,1954
9,Robyn,118,F,1954
9,Judith,118,F,1954
10,Patricia,117,F,1954
1,Peter,430,M,1954
2,John,332,M,1954
3,Robert,265,M,1954
4,David,236,M,1954
5,Michael,229,M,1954
6,Stephen,215,M,1954
7,Gregory,184,M,1954
8,Gary,161,M,1954
9,Ian,148,M,1954
10,Alan,130,M,1954
1,Susan,260,F,1955
2,Jennifer,206,F,1955
3,Kerry,176,F,1955
4,Christine,166,F,1955
5,Julie,160,F,1955
6,Margaret,140,F,1955
7,Judith,131,F,1955
8,Lynette,125,F,1955
9,Robyn,119,F,1955
10,Karen,118,F,1955
1,Peter,484,M,1955
2,John,335,M,1955
3,Robert,287,M,1955
4,Michael,255,M,1955
5,David,249,M,1955
6,Stephen,230,M,1955
7,Gregory,207,M,1955
8,Gary,175,M,1955
9,Kevin,164,M,1955
10,Mark,147,M,1955
1,Susan,277,F,1956
2,Jennifer,252,F,1956
3,Julie,170,F,1956
4,Kerry,165,F,1956
5,Karen,157,F,1956
6,Margaret,142,F,1956
6,Lynette,142,F,1956
7,Patricia,136,F,1956
8,Christine,133,F,1956
9,Helen,123,F,1956
9,Vicki,123,F,1956
10,Debra,114,F,1956
1,Peter,496,M,1956
2,John,345,M,1956
3,Michael,291,M,1956
4,Robert,288,M,1956
5,Stephen,261,M,1956
6,David,247,M,1956
7,Gregory,228,M,1956
8,Mark,163,M,1956
9,Ian,152,M,1956
10,Wayne,147,M,1956
10,Kevin,147,M,1956
1,Susan,263,F,1957
2,Jennifer,244,F,1957
3,Debra,193,F,1957
4,Karen,180,F,1957
5,Julie,155,F,1957
6,Kerry,136,F,1957
7,Christine,121,F,1957
8,Lynette,116,F,1957
9,Margaret,115,F,1957
10,Judith,106,F,1957
1,Peter,535,M,1957
2,John,326,M,1957
3,David,298,M,1957
4,Michael,271,M,1957
5,Robert,245,M,1957
6,Gregory,236,M,1957
7,Stephen,234,M,1957
8,Mark,227,M,1957
9,Paul,144,M,1957
10,Gary,143,M,1957
1,Jennifer,247,F,1958
2,Susan,238,F,1958
3,Julie,222,F,1958
4,Debra,203,F,1958
5,Kerry,157,F,1958
6,Karen,147,F,1958
7,Christine,129,F,1958
8,Sandra,126,F,1958
9,Vicki,123,F,1958
10,Helen,113,F,1958
1,Peter,490,M,1958
2,John,287,M,1958
3,Mark,268,M,1958
4,Michael,265,M,1958
5,Robert,257,M,1958
6,David,256,M,1958
7,Gregory,234,M,1958
8,Stephen,189,M,1958
9,Paul,170,M,1958
10,Gary,149,M,1958
1,Susan,277,F,1959
2,Jennifer,224,F,1959
3,Julie,219,F,1959
4,Debra,170,F,1959
5,Karen,145,F,1959
6,Helen,137,F,1959
7,Kerry,134,F,1959
8,Deborah,133,F,1959
9,Sandra,131,F,1959
10,Christine,124,F,1959
10,Vicki,124,F,1959
1,Peter,472,M,1959
2,Michael,330,M,1959
3,David,282,M,1959
4,John,275,M,1959
5,Mark,273,M,1959
6,Robert,239,M,1959
7,Gregory,226,M,1959
8,Stephen,224,M,1959
9,Paul,163,M,1959
10,Ian,141,M,1959
1,Susan,274,F,1960
2,Julie,240,F,1960
3,Jennifer,228,F,1960
4,Karen,162,F,1960
5,Debra,155,F,1960
6,Christine,154,F,1960
7,Kerry,124,F,1960
8,Helen,117,F,1960
9,Sandra,112,F,1960
10,Sharon,111,F,1960
1,Peter,425,M,1960
2,David,318,M,1960
3,Mark,287,M,1960
4,Robert,257,M,1960
5,Michael,253,M,1960
6,John,252,M,1960
7,Stephen,242,M,1960
8,Gregory,223,M,1960
9,Paul,177,M,1960
10,Ian,142,M,1960
1,Susan,249,F,1961
2,Jennifer,205,F,1961
3,Julie,196,F,1961
4,Karen,189,F,1961
5,Christine,126,F,1961
6,Michelle,115,F,1961
6,Debra,115,F,1961
7,Helen,111,F,1961
8,Deborah,108,F,1961
9,Kerry,105,F,1961
10,Leanne,104,F,1961
1,Peter,418,M,1961
2,David,308,M,1961
3,Mark,295,M,1961
4,John,293,M,1961
5,Michael,285,M,1961
6,Stephen,220,M,1961
7,Robert,214,M,1961
8,Gregory,192,M,1961
9,Paul,178,M,1961
10,Steven,144,M,1961
1,Susan,212,F,1962
2,Julie,207,F,1962
3,Karen,206,F,1962
4,Jennifer,200,F,1962
5,Sharon,142,F,1962
6,Christine,140,F,1962
7,Michelle,126,F,1962
8,Kerry,114,F,1962
9,Maria,111,F,1962
10,Linda,110,F,1962
1,Peter,406,M,1962
2,David,393,M,1962
3,Michael,344,M,1962
4,Mark,308,M,1962
5,John,284,M,1962
6,Robert,230,M,1962
7,Stephen,229,M,1962
8,Paul,200,M,1962
9,Gregory,182,M,1962
10,Wayne,156,M,1962
1,Jennifer,216,F,1963
2,Julie,191,F,1963
3,Karen,188,F,1963
4,Susan,187,F,1963
5,Sharon,163,F,1963
6,Michelle,144,F,1963
7,Sandra,129,F,1963
8,Leanne,128,F,1963
9,Christine,126,F,1963
10,Linda,114,F,1963
1,David,369,M,1963
2,Peter,362,M,1963
3,Mark,348,M,1963
4,John,303,M,1963
5,Michael,299,M,1963
6,Paul,239,M,1963
6,Robert,239,M,1963
7,Stephen,223,M,1963
8,Gregory,196,M,1963
9,Andrew,163,M,1963
10,Wayne,145,M,1963
1,Karen,204,F,1964
2,Susan,193,F,1964
3,Julie,178,F,1964
4,Jennifer,171,F,1964
5,Sharon,155,F,1964
6,Michelle,145,F,1964
7,Lisa,143,F,1964
8,Sandra,130,F,1964
9,Linda,105,F,1964
10,Leanne,103,F,1964
1,David,362,M,1964
2,Peter,356,M,1964
3,Mark,336,M,1964
4,Michael,314,M,1964
5,Paul,294,M,1964
6,John,251,M,1964
7,Stephen,210,M,1964
8,Robert,204,M,1964
9,Craig,160,M,1964
10,Andrew,153,M,1964
1,Karen,194,F,1965
2,Julie,172,F,1965
3,Susan,169,F,1965
4,Sharon,159,F,1965
5,Michelle,158,F,1965
6,Jennifer,143,F,1965
7,Lisa,117,F,1965
8,Linda,115,F,1965
9,Sandra,107,F,1965
10,Joanne,102,F,1965
1,Peter,338,M,1965
2,Michael,317,M,1965
3,David,312,M,1965
4,Paul,287,M,1965
5,Mark,273,M,1965
6,John,252,M,1965
7,Robert,208,M,1965
8,Andrew,184,M,1965
9,Stephen,182,M,1965
10,Gregory,148,M,1965
1,Michelle,208,F,1966
2,Sharon,200,F,1966
3,Lisa,164,F,1966
4,Jennifer,154,F,1966
5,Susan,147,F,1966
6,Julie,146,F,1966
7,Karen,142,F,1966
8,Sandra,114,F,1966
9,Donna,113,F,1966
10,Linda,111,F,1966
1,David,383,M,1966
2,Paul,318,M,1966
3,Peter,311,M,1966
4,Michael,293,M,1966
5,Mark,273,M,1966
6,John,270,M,1966
7,Robert,222,M,1966
8,Andrew,198,M,1966
9,Darren,175,M,1966
10,Stephen,159,M,1966
1,Michelle,206,F,1967
2,Lisa,177,F,1967
3,Sharon,173,F,1967
4,Julie,165,F,1967
5,Karen,143,F,1967
6,Jennifer,132,F,1967
6,Leanne,132,F,1967
7,Donna,124,F,1967
7,Susan,124,F,1967
8,Sandra,106,F,1967
9,Linda,103,F,1967
10,Joanne,102,F,1967
1,David,417,M,1967
2,Michael,330,M,1967
3,Paul,324,M,1967
4,Peter,303,M,1967
5,Mark,277,M,1967
6,John,234,M,1967
7,Robert,208,M,1967
8,Andrew,191,M,1967
9,Stephen,176,M,1967
9,Darren,176,M,1967
10,Steven,160,M,1967
1,Michelle,263,F,1968
2,Sharon,219,F,1968
3,Lisa,217,F,1968
4,Karen,199,F,1968
5,Jennifer,142,F,1968
6,Susan,138,F,1968
7,Donna,137,F,1968
8,Julie,136,F,1968
9,Sandra,125,F,1968
10,Leanne,108,F,1968
1,David,398,M,1968
2,Paul,394,M,1968
3,Michael,353,M,1968
4,Mark,344,M,1968
5,Peter,306,M,1968
6,John,263,M,1968
7,Darren,238,M,1968
8,Robert,223,M,1968
9,Andrew,214,M,1968
10,Bradley,188,M,1968
1,Michelle,273,F,1969
2,Lisa,225,F,1969
3,Sharon,204,F,1969
4,Karen,198,F,1969
5,Jennifer,142,F,1969
6,Julie,138,F,1969
7,Natalie,130,F,1969
8,Donna,128,F,1969
8,Leanne,128,F,1969
9,Joanne,123,F,1969
10,Susan,119,F,1969
1,Paul,450,M,1969
2,David,384,M,1969
3,Michael,375,M,1969
4,Mark,316,M,1969
5,Peter,264,M,1969
6,Andrew,256,M,1969
7,John,226,M,1969
8,Robert,225,M,1969
9,Darren,202,M,1969
10,Stephen,201,M,1969
1,Michelle,305,F,1970
2,Lisa,222,F,1970
3,Sharon,193,F,1970
4,Karen,172,F,1970
5,Natalie,155,F,1970
5,Julie,155,F,1970
6,Nicole,147,F,1970
7,Amanda,131,F,1970
8,Jennifer,126,F,1970
8,Joanne,126,F,1970
9,Sandra,121,F,1970
10,Kylie,120,F,1970
1,Paul,430,M,1970
2,David,395,M,1970
3,Michael,383,M,1970
4,Mark,317,M,1970
5,Peter,284,M,1970
6,Jason,282,M,1970
7,Andrew,267,M,1970
8,Bradley,225,M,1970
9,Darren,224,M,1970
10,John,216,M,1970
1,Michelle,274,F,1971
2,Lisa,237,F,1971
3,Joanne,192,F,1971
4,Sharon,181,F,1971
5,Nicole,175,F,1971
6,Natalie,158,F,1971
7,Kylie,157,F,1971
8,Karen,154,F,1971
9,Amanda,153,F,1971
10,Julie,141,F,1971
1,Paul,456,M,1971
2,Jason,430,M,1971
3,David,425,M,1971
4,Michael,380,M,1971
5,Mark,325,M,1971
6,Peter,275,M,1971
7,Robert,253,M,1971
8,John,251,M,1971
9,Bradley,247,M,1971
10,Andrew,238,M,1971
1,Michelle,292,F,1972
2,Lisa,186,F,1972
3,Kylie,179,F,1972
4,Natalie,174,F,1972
5,Joanne,154,F,1972
6,Nicole,150,F,1972
7,Sharon,149,F,1972
8,Rebecca,148,F,1972
9,Karen,144,F,1972
10,Amanda,140,F,1972
1,Jason,479,M,1972
2,Paul,407,M,1972
3,David,367,M,1972
4,Michael,334,M,1972
5,Mark,259,M,1972
6,Andrew,238,M,1972
7,Christopher,200,M,1972
8,Matthew,198,M,1972
9,Peter,192,M,1972
9,Shane,192,M,1972
10,Darren,191,M,1972
1,Michelle,250,F,1973
2,Lisa,176,F,1973
3,Nicole,163,F,1973
4,Rebecca,157,F,1973
5,Natalie,155,F,1973
6,Amanda,150,F,1973
7,Kylie,144,F,1973
8,Jodie,125,F,1973
9,Karen,123,F,1973
9,Joanne,123,F,1973
10,Melissa,122,F,1973
1,Jason,428,M,1973
2,Paul,298,M,1973
3,Michael,294,M,1973
4,David,279,M,1973
5,Mark,268,M,1973
6,Matthew,247,M,1973
6,Christopher,247,M,1973
7,Andrew,186,M,1973
8,Bradley,178,M,1973
9,Craig,175,M,1973
10,Daniel,171,M,1973
1,Michelle,250,F,1974
2,Nicole,180,F,1974
3,Kylie,174,F,1974
4,Natalie,157,F,1974
5,Rebecca,150,F,1974
6,Lisa,146,F,1974
7,Amanda,124,F,1974
8,Natasha,123,F,1974
9,Jodie,118,F,1974
10,Melissa,111,F,1974
1,Jason,376,M,1974
2,David,320,M,1974
3,Paul,306,M,1974
4,Michael,302,M,1974
5,Matthew,247,M,1974
6,Mark,234,M,1974
7,Christopher,218,M,1974
8,Daniel,203,M,1974
9,Andrew,183,M,1974
10,Peter,171,M,1974
1,Michelle,199,F,1975
2,Nicole,198,F,1975
3,Kylie,176,F,1975
4,Natalie,158,F,1975
5,Melissa,156,F,1975
6,Rebecca,153,F,1975
7,Lisa,143,F,1975
8,Amanda,134,F,1975
9,Natasha,129,F,1975
10,Sarah,115,F,1975
1,Michael,328,M,1975
2,Jason,325,M,1975
3,Paul,285,M,1975
4,David,264,M,1975
5,Daniel,241,M,1975
6,Matthew,239,M,1975
7,Christopher,233,M,1975
8,Mark,218,M,1975
9,Andrew,191,M,1975
10,Scott,177,M,1975
1,Michelle,191,F,1976
2,Natalie,185,F,1976
3,Melissa,176,F,1976
4,Rebecca,175,F,1976
5,Nicole,168,F,1976
6,Kylie,144,F,1976
7,Amanda,130,F,1976
8,Lisa,123,F,1976
9,Tanya,122,F,1976
9,Sarah,122,F,1976
10,Emma,118,F,1976
1,Michael,330,M,1976
2,David,301,M,1976
3,Daniel,275,M,1976
4,Jason,268,M,1976
5,Matthew,260,M,1976
6,Paul,253,M,1976
7,Mark,221,M,1976
8,Christopher,218,M,1976
9,Bradley,215,M,1976
10,Benjamin,192,M,1976
1,Michelle,216,F,1977
2,Rebecca,206,F,1977
3,Melissa,193,F,1977
4,Nicole,184,F,1977
5,Natalie,150,F,1977
6,Kylie,146,F,1977
7,Amanda,143,F,1977
8,Sarah,132,F,1977
9,Lisa,128,F,1977
10,Emma,117,F,1977
1,Michael,347,M,1977
2,Daniel,296,M,1977
3,David,287,M,1977
4,Matthew,268,M,1977
5,Jason,243,M,1977
6,Paul,242,M,1977
7,Benjamin,237,M,1977
8,Mark,229,M,1977
9,Christopher,225,M,1977
10,Bradley,197,M,1977
1,Rebecca,264,F,1978
2,Michelle,203,F,1978
3,Melissa,192,F,1978
4,Amanda,151,F,1978
5,Nicole,147,F,1978
6,Lisa,146,F,1978
7,Kelly,141,F,1978
8,Sarah,132,F,1978
9,Kristy,128,F,1978
10,Emma,121,F,1978
1,Michael,347,M,1978
2,Matthew,309,M,1978
3,David,290,M,1978
4,Daniel,286,M,1978
5,Benjamin,266,M,1978
6,Paul,239,M,1978
7,Andrew,225,M,1978
8,Christopher,213,M,1978
9,Mark,212,M,1978
10,Jason,198,M,1978
1,Rebecca,221,F,1979
2,Melissa,217,F,1979
3,Michelle,198,F,1979
4,Kelly,166,F,1979
4,Sarah,166,F,1979
5,Lisa,159,F,1979
6,Nicole,151,F,1979
7,Emma,135,F,1979
8,Natalie,125,F,1979
9,Amanda,124,F,1979
10,Kylie,121,F,1979
1,Michael,364,M,1979
2,Daniel,329,M,1979
3,David,294,M,1979
4,Matthew,269,M,1979
5,Christopher,231,M,1979
6,Benjamin,227,M,1979
7,Adam,218,M,1979
8,Jason,212,M,1979
9,Paul,193,M,1979
10,Mark,184,M,1979
1,Rebecca,244,F,1980
2,Amanda,209,F,1980
2,Michelle,209,F,1980
3,Sarah,207,F,1980
4,Melissa,197,F,1980
5,Kelly,186,F,1980
6,Kristy,164,F,1980
7,Lisa,155,F,1980
8,Nicole,118,F,1980
9,Kylie,113,F,1980
10,Emma,107,F,1980
1,Michael,357,M,1980
2,David,310,M,1980
3,Daniel,294,M,1980
4,Matthew,292,M,1980
5,Benjamin,247,M,1980
6,Adam,226,M,1980
7,Christopher,221,M,1980
8,Mark,197,M,1980
8,Paul,197,M,1980
9,Ryan,187,M,1980
10,Jason,186,M,1980
1,Rebecca,229,F,1981
2,Sarah,216,F,1981
3,Amanda,191,F,1981
4,Melissa,188,F,1981
5,Kelly,175,F,1981
6,Michelle,169,F,1981
7,Kristy,157,F,1981
8,Emma,155,F,1981
9,Lisa,137,F,1981
10,Nicole,120,F,1981
1,Michael,416,M,1981
2,Daniel,383,M,1981
3,David,350,M,1981
4,Matthew,279,M,1981
5,Benjamin,265,M,1981
6,Christopher,240,M,1981
7,Andrew,212,M,1981
8,Adam,200,M,1981
9,Ryan,198,M,1981
10,Jason,189,M,1981
1,Rebecca,212,F,1982
2,Sarah,211,F,1982
3,Melissa,196,F,1982
4,Amanda,191,F,1982
5,Michelle,167,F,1982
5,Kelly,167,F,1982
6,Jessica,156,F,1982
7,Emma,152,F,1982
8,Nicole,138,F,1982
8,Lisa,138,F,1982
8,Kristy,138,F,1982
9,Natalie,125,F,1982
10,Amy,110,F,1982
1,Michael,386,M,1982
2,Daniel,362,M,1982
3,Matthew,312,M,1982
4,David,304,M,1982
5,Andrew,252,M,1982
6,Christopher,241,M,1982
6,Benjamin,241,M,1982
7,Ryan,233,M,1982
8,Adam,208,M,1982
9,Luke,196,M,1982
10,Paul,184,M,1982
1,Sarah,236,F,1983
2,Jessica,223,F,1983
3,Rebecca,212,F,1983
4,Melissa,196,F,1983
5,Amanda,173,F,1983
6,Michelle,163,F,1983
7,Nicole,147,F,1983
8,Lauren,137,F,1983
9,Amy,136,F,1983
10,Emma,135,F,1983
1,Michael,411,M,1983
2,Matthew,363,M,1983
3,Daniel,361,M,1983
4,David,337,M,1983
5,Christopher,310,M,1983
6,Benjamin,250,M,1983
7,Ryan,248,M,1983
8,Andrew,240,M,1983
9,Adam,211,M,1983
10,Luke,199,M,1983
1,Jessica,245,F,1984
2,Sarah,235,F,1984
3,Rebecca,211,F,1984
4,Melissa,183,F,1984
5,Amanda,157,F,1984
6,Michelle,146,F,1984
7,Lisa,140,F,1984
8,Emma,138,F,1984
9,Lauren,136,F,1984
10,Amy,129,F,1984
1,Michael,421,M,1984
2,Daniel,357,M,1984
3,Matthew,347,M,1984
4,David,290,M,1984
5,Christopher,284,M,1984
6,Benjamin,249,M,1984
7,Luke,224,M,1984
8,Adam,211,M,1984
9,Andrew,205,M,1984
10,Ryan,182,M,1984
1,Jessica,352,F,1985
2,Sarah,260,F,1985
3,Rebecca,238,F,1985
4,Melissa,165,F,1985
5,Lauren,161,F,1985
6,Amanda,159,F,1985
7,Amy,149,F,1985
8,Michelle,136,F,1985
9,Nicole,124,F,1985
10,Kylie,123,F,1985
1,Matthew,406,M,1985
2,Michael,387,M,1985
3,Christopher,362,M,1985
4,Daniel,354,M,1985
5,David,297,M,1985
6,Benjamin,287,M,1985
7,Luke,233,M,1985
8,Ryan,217,M,1985
9,Adam,210,M,1985
10,Andrew,200,M,1985
1,Jessica,399,F,1986
2,Sarah,303,F,1986
3,Rebecca,224,F,1986
4,Emma,179,F,1986
5,Amanda,165,F,1986
6,Melissa,147,F,1986
7,Nicole,141,F,1986
8,Amy,139,F,1986
9,Lauren,136,F,1986
10,Samantha,120,F,1986
10,Kate,120,F,1986
1,Matthew,421,M,1986
2,Michael,387,M,1986
3,Christopher,372,M,1986
4,Daniel,359,M,1986
5,David,281,M,1986
6,Benjamin,243,M,1986
6,James,243,M,1986
7,Luke,236,M,1986
8,Andrew,211,M,1986
9,Joshua,202,M,1986
10,Adam,197,M,1986
1,Jessica,350,F,1987
2,Sarah,316,F,1987
3,Rebecca,225,F,1987
4,Emma,185,F,1987
5,Amy,162,F,1987
6,Melissa,156,F,1987
7,Samantha,142,F,1987
8,Nicole,132,F,1987
9,Amanda,127,F,1987
10,Lauren,119,F,1987
1,Matthew,386,M,1987
2,Daniel,382,M,1987
3,Michael,368,M,1987
4,Christopher,347,M,1987
5,Benjamin,249,M,1987
6,David,241,M,1987
7,Luke,229,M,1987
8,Andrew,223,M,1987
9,James,215,M,1987
10,Joshua,208,M,1987
1,Jessica,341,F,1988
2,Sarah,308,F,1988
3,Rebecca,242,F,1988
4,Emma,217,F,1988
5,Amy,178,F,1988
6,Samantha,173,F,1988
7,Melissa,167,F,1988
8,Lauren,159,F,1988
9,Nicole,143,F,1988
10,Michelle,125,F,1988
1,Daniel,406,M,1988
2,Matthew,401,M,1988
3,Michael,379,M,1988
4,Benjamin,287,M,1988
5,Christopher,284,M,1988
6,James,259,M,1988
7,David,255,M,1988
8,Joshua,236,M,1988
9,Andrew,226,M,1988
10,Luke,190,M,1988
1,Jessica,380,F,1989
2,Sarah,290,F,1989
3,Emma,242,F,1989
4,Rebecca,219,F,1989
5,Amy,216,F,1989
6,Samantha,178,F,1989
7,Lauren,162,F,1989
8,Melissa,153,F,1989
9,Ashleigh,135,F,1989
10,Kate,121,F,1989
1,Matthew,451,M,1989
2,Michael,391,M,1989
3,Daniel,383,M,1989
4,Christopher,317,M,1989
5,Joshua,302,M,1989
6,David,252,M,1989
7,James,246,M,1989
8,Benjamin,239,M,1989
9,Luke,235,M,1989
10,Jason,188,M,1989
1,Jessica,419,F,1990
2,Sarah,263,F,1990
3,Emma,227,F,1990
4,Rebecca,208,F,1990
5,Amy,174,F,1990
6,Lauren,169,F,1990
7,Melissa,158,F,1990
8,Ashleigh,136,F,1990
8,Samantha,136,F,1990
9,Emily,128,F,1990
10,Stephanie,122,F,1990
1,Matthew,461,M,1990
2,Daniel,379,M,1990
3,Michael,371,M,1990
4,Joshua,331,M,1990
5,Christopher,313,M,1990
6,Benjamin,289,M,1990
7,James,263,M,1990
8,Luke,246,M,1990
9,David,244,M,1990
10,Thomas,207,M,1990
1,Jessica,435,F,1991
2,Sarah,262,F,1991
3,Rebecca,204,F,1991
4,Emily,182,F,1991
5,Emma,173,F,1991
6,Amy,172,F,1991
7,Samantha,164,F,1991
8,Stephanie,142,F,1991
9,Ashleigh,137,F,1991
10,Hannah,128,F,1991
1,Matthew,405,M,1991
2,Michael,367,M,1991
3,Daniel,352,M,1991
4,Joshua,324,M,1991
5,Christopher,277,M,1991
6,Benjamin,252,M,1991
6,James,252,M,1991
7,Luke,241,M,1991
8,David,196,M,1991
9,Thomas,192,M,1991
10,Ryan,190,M,1991
1,Jessica,342,F,1992
2,Sarah,230,F,1992
3,Rebecca,208,F,1992
4,Amy,192,F,1992
5,Emily,171,F,1992
5,Samantha,171,F,1992
6,Emma,154,F,1992
7,Stephanie,141,F,1992
8,Lauren,131,F,1992
9,Rachel,126,F,1992
10,Ashleigh,115,F,1992
1,Matthew,319,M,1992
2,Michael,318,M,1992
3,Joshua,317,M,1992
4,Daniel,313,M,1992
5,James,264,M,1992
6,Benjamin,256,M,1992
7,Christopher,243,M,1992
8,Luke,239,M,1992
9,Mitchell,189,M,1992
10,Jake,186,M,1992
1,Jessica,362,F,1993
2,Sarah,232,F,1993
3,Emily,184,F,1993
4,Rebecca,177,F,1993
5,Samantha,167,F,1993
6,Amy,154,F,1993
7,Emma,144,F,1993
8,Hannah,138,F,1993
9,Stephanie,135,F,1993
9,Ashleigh,135,F,1993
10,Lauren,129,F,1993
1,Matthew,357,M,1993
2,Daniel,335,M,1993
3,Michael,320,M,1993
4,Joshua,315,M,1993
5,Luke,298,M,1993
6,James,259,M,1993
7,Jordan,212,M,1993
8,Thomas,207,M,1993
9,Dylan,204,M,1993
10,Benjamin,201,M,1993
1,Jessica,321,F,1994
2,Emily,239,F,1994
3,Sarah,235,F,1994
4,Rebecca,181,F,1994
5,Emma,163,F,1994
6,Amy,162,F,1994
7,Lauren,139,F,1994
7,Rachel,139,F,1994
8,Samantha,137,F,1994
9,Courtney,122,F,1994
10,Stephanie,120,F,1994
1,Daniel,317,M,1994
2,Joshua,315,M,1994
3,Matthew,300,M,1994
4,Michael,284,M,1994
5,Jordan,256,M,1994
6,James,253,M,1994
7,Luke,228,M,1994
8,Dylan,212,M,1994
9,Jake,205,M,1994
10,Thomas,188,M,1994
1,Jessica,348,F,1995
2,Sarah,217,F,1995
3,Emily,212,F,1995
4,Emma,178,F,1995
5,Rebecca,156,F,1995
6,Amy,151,F,1995
7,Hannah,135,F,1995
8,Lauren,130,F,1995
9,Courtney,125,F,1995
10,Samantha,112,F,1995
1,Joshua,387,M,1995
2,Matthew,326,M,1995
3,Daniel,297,M,1995
4,Michael,262,M,1995
5,James,256,M,1995
6,Jordan,222,M,1995
7,Jake,220,M,1995
8,Luke,218,M,1995
9,Jack,215,M,1995
10,Dylan,200,M,1995
1,Jessica,307,F,1996
2,Emily,219,F,1996
3,Sarah,197,F,1996
4,Emma,174,F,1996
5,Rebecca,141,F,1996
6,Georgia,136,F,1996
7,Chloe,125,F,1996
8,Amy,124,F,1996
9,Hannah,123,F,1996
10,Samantha,120,F,1996
1,Joshua,360,M,1996
2,Matthew,298,M,1996
3,Jack,265,M,1996
4,Daniel,263,M,1996
5,James,242,M,1996
6,Luke,222,M,1996
7,Jordan,219,M,1996
8,Jake,216,M,1996
9,Dylan,199,M,1996
10,Michael,197,M,1996
1,Jessica,269,F,1997
2,Emily,236,F,1997
3,Sarah,198,F,1997
4,Emma,154,F,1997
5,Georgia,135,F,1997
6,Hannah,130,F,1997
7,Lauren,128,F,1997
8,Chloe,125,F,1997
9,Courtney,119,F,1997
10,Rebecca,117,F,1997
1,Joshua,314,M,1997
2,Matthew,275,M,1997
3,Jack,255,M,1997
4,Daniel,232,M,1997
5,James,219,M,1997
6,Liam,218,M,1997
7,Michael,203,M,1997
8,Thomas,196,M,1997
9,Mitchell,191,M,1997
10,Benjamin,190,M,1997
1,Jessica,235,F,1998
2,Emily,202,F,1998
3,Sarah,192,F,1998
4,Chloe,182,F,1998
5,Emma,155,F,1998
6,Georgia,148,F,1998
7,Olivia,120,F,1998
8,Amy,114,F,1998
9,Samantha,111,F,1998
9,Hannah,111,F,1998
10,Courtney,109,F,1998
1,Jessica,235,M,1998
2,Emily,202,M,1998
3,Sarah,192,M,1998
4,Chloe,182,M,1998
5,Emma,155,M,1998
6,Georgia,148,M,1998
7,Olivia,120,M,1998
8,Amy,114,M,1998
9,Samantha,111,M,1998
9,Hannah,111,M,1998
10,Courtney,109,M,1998
1,Emily,222,F,1999
2,Jessica,220,F,1999
3,Chloe,217,F,1999
4,Georgia,171,F,1999
5,Sarah,161,F,1999
6,Olivia,145,F,1999
7,Emma,136,F,1999
8,Sophie,117,F,1999
9,Amy,115,F,1999
10,Lauren,110,F,1999
1,Joshua,306,M,1999
2,Jack,280,M,1999
3,Matthew,233,M,1999
4,Thomas,221,M,1999
5,Lachlan,216,M,1999
6,Benjamin,213,M,1999
7,James,206,M,1999
8,Daniel,196,M,1999
9,Liam,193,M,1999
10,Luke,185,M,1999
1,Jessica,211,F,2000
2,Emily,180,F,2000
3,Chloe,178,F,2000
4,Georgia,174,F,2000
5,Sophie,171,F,2000
6,Emma,157,F,2000
7,Sarah,148,F,2000
8,Olivia,127,F,2000
9,Hannah,117,F,2000
10,Caitlin,110,F,2000
1,Joshua,290,M,2000
2,Jack,261,M,2000
3,Thomas,230,M,2000
4,Matthew,223,M,2000
5,James,215,M,2000
6,Daniel,195,M,2000
7,Lachlan,193,M,2000
8,Liam,192,M,2000
9,Benjamin,180,M,2000
10,Jacob,178,M,2000
1,Chloe,202,F,2001
2,Jessica,193,F,2001
3,Emily,158,F,2001
4,Sophie,140,F,2001
4,Georgia,140,F,2001
5,Hannah,139,F,2001
6,Sarah,130,F,2001
7,Grace,110,F,2001
8,Olivia,108,F,2001
9,Emma,107,F,2001
10,Amy,106,F,2001
1,Joshua,303,M,2001
2,Jack,259,M,2001
3,Thomas,213,M,2001
4,James,204,M,2001
5,Matthew,197,M,2001
6,Lachlan,190,M,2001
7,Benjamin,176,M,2001
8,Daniel,162,M,2001
8,Ethan,162,M,2001
9,Dylan,155,M,2001
9,Jacob,155,M,2001
9,Liam,155,M,2001
10,Luke,146,M,2001
1,Chloe,191,F,2002
2,Emily,175,F,2002
3,Jessica,148,F,2002
3,Georgia,148,F,2002
4,Hannah,145,F,2002
5,Sophie,129,F,2002
6,Ella,128,F,2002
7,Emma,120,F,2002
7,Grace,120,F,2002
8,Sarah,119,F,2002
9,Isabella,114,F,2002
10,Olivia,106,F,2002
1,Joshua,283,M,2002
2,Jack,239,M,2002
3,Ethan,233,M,2002
4,Lachlan,190,M,2002
5,Thomas,184,M,2002
6,Benjamin,178,M,2002
6,Matthew,178,M,2002
7,Liam,176,M,2002
7,James,176,M,2002
8,Dylan,174,M,2002
9,Luke,168,M,2002
10,Daniel,154,M,2002
10,Connor,154,M,2002
1,Chloe,212,F,2003
2,Ella,184,F,2003
3,Emily,178,F,2003
4,Hannah,159,F,2003
5,Jessica,156,F,2003
6,Olivia,155,F,2003
7,Sophie,142,F,2003
8,Sarah,123,F,2003
9,Grace,122,F,2003
9,Georgia,122,F,2003
10,Emma,109,F,2003
1,Joshua,269,M,2003
2,Jack,241,M,2003
3,Lachlan,206,M,2003
4,James,195,M,2003
5,Ethan,194,M,2003
6,Thomas,191,M,2003
7,Benjamin,186,M,2003
8,Matthew,175,M,2003
9,Daniel,168,M,2003
10,Dylan,167,M,2003
1,Emily,194,F,2004
2,Ella,175,F,2004
3,Jessica,171,F,2004
4,Chloe,167,F,2004
5,Hannah,150,F,2004
6,Olivia,147,F,2004
7,Sophie,130,F,2004
8,Charlotte,125,F,2004
9,Isabella,120,F,2004
10,Emma,109,F,2004
1,Jack,289,M,2004
2,Joshua,284,M,2004
3,James,217,M,2004
4,Thomas,194,M,2004
5,Lachlan,183,M,2004
6,Ethan,178,M,2004
7,Dylan,172,M,2004
8,Liam,162,M,2004
9,Daniel,159,M,2004
10,Riley,156,M,2004
10,Matthew,156,M,2004
10,Benjamin,156,M,2004
1,Ella,216,F,2005
2,Jessica,187,F,2005
3,Chloe,183,F,2005
4,Emily,169,F,2005
5,Sophie,160,F,2005
6,Olivia,136,F,2005
7,Grace,128,F,2005
8,Charlotte,123,F,2005
9,Lily,121,F,2005
10,Isabella,119,F,2005
1,Jack,273,M,2005
2,Joshua,254,M,2005
3,Lachlan,210,M,2005
4,Thomas,198,M,2005
5,Ethan,189,M,2005
6,Benjamin,180,M,2005
7,James,177,M,2005
8,Riley,158,M,2005
9,Luke,153,M,2005
10,Liam,146,M,2005
1,Ella,245,F,2006
2,Emily,220,F,2006
3,Chloe,212,F,2006
4,Jessica,170,F,2006
5,Olivia,161,F,2006
6,Sophie,145,F,2006
7,Isabella,144,F,2006
8,Charlotte,140,F,2006
9,Mia,138,F,2006
10,Sienna,137,F,2006
1,Jack,278,M,2006
2,Thomas,213,M,2006
3,Joshua,209,M,2006
4,Lachlan,200,M,2006
5,James,186,M,2006
6,Luke,170,M,2006
7,Liam,163,M,2006
8,Riley,157,M,2006
9,Ethan,156,M,2006
10,William,155,M,2006
1,Ella,255,F,2007
2,Emily,211,F,2007
3,Chloe,208,F,2007
4,Mia,184,F,2007
5,Charlotte,168,F,2007
6,Olivia,161,F,2007
7,Isabella,156,F,2007
8,Grace,155,F,2007
9,Ava,136,F,2007
9,Sienna,136,F,2007
10,Sophie,130,F,2007
1,Jack,277,M,2007
2,Joshua,229,M,2007
3,Riley,213,M,2007
4,James,211,M,2007
5,Ethan,198,M,2007
6,Thomas,195,M,2007
7,Lachlan,187,M,2007
8,William,166,M,2007
9,Lucas,162,M,2007
10,Daniel,160,M,2007
1,Ella,237,F,2008
2,Emily,199,F,2008
3,Chloe,192,F,2008
4,Mia,190,F,2008
5,Sophie,170,F,2008
6,Lily,169,F,2008
7,Charlotte,167,F,2008
8,Sienna,161,F,2008
9,Isabella,159,F,2008
10,Ava,154,F,2008
1,Jack,276,M,2008
2,Joshua,224,M,2008
3,Riley,215,M,2008
4,Ethan,183,M,2008
4,James,183,M,2008
5,William,182,M,2008
6,Thomas,180,M,2008
6,Lachlan,180,M,2008
7,Oliver,177,M,2008
8,Lucas,164,M,2008
9,Samuel,163,M,2008
10,Jacob,156,M,2008
1,Mia,205,F,2009
2,Olivia,191,F,2009
3,Ella,189,F,2009
4,Isabella,183,F,2009
5,Chloe,179,F,2009
6,Emily,172,F,2009
7,Sophie,171,F,2009
8,Charlotte,162,F,2009
9,Sienna,150,F,2009
10,Ruby,148,F,2009
1,Jack,256,M,2009
2,Joshua,216,M,2009
3,Riley,214,M,2009
4,William,193,M,2009
5,Thomas,182,M,2009
6,Oliver,179,M,2009
7,Lucas,164,M,2009
8,Lachlan,159,M,2009
9,Benjamin,157,M,2009
10,Jacob,156,M,2009
10,Ethan,156,M,2009
1,Ruby,210,F,2010
2,Chloe,199,F,2010
3,Emily,196,F,2010
4,Isabella,195,F,2010
5,Ella,191,F,2010
6,Olivia,180,F,2010
7,Sophie,176,F,2010
8,Lily,171,F,2010
8,Sienna,171,F,2010
9,Charlotte,167,F,2010
10,Mia,163,F,2010
1,Jack,239,M,2010
2,Oliver,197,M,2010
3,Lucas,196,M,2010
4,James,180,M,2010
5,Noah,178,M,2010
6,Thomas,174,M,2010
6,Riley,174,M,2010
6,Ethan,174,M,2010
7,Joshua,173,M,2010
8,Jacob,167,M,2010
9,William,158,M,2010
10,Max,154,M,2010
1,Mia,194,F,2011
1,Ella,194,F,2011
2,Isabella,186,F,2011
3,Ruby,182,F,2011
4,Charlotte,178,F,2011
5,Olivia,176,F,2011
6,Chloe,175,F,2011
7,Sophie,173,F,2011
8,Emily,170,F,2011
9,Ava,168,F,2011
10,Sienna,167,F,2011
1,Ethan,215,M,2011
2,James,212,M,2011
3,Jack,202,M,2011
4,Lucas,196,M,2011
5,Oliver,189,M,2011
6,Joshua,184,M,2011
7,Thomas,177,M,2011
8,Cooper,173,M,2011
9,Jacob,172,M,2011
10,Riley,154,M,2011
1,Charlotte,194,F,2012
2,Olivia,191,F,2012
3,Ruby,185,F,2012
4,Emily,184,F,2012
5,Sophie,176,F,2012
6,Chloe,175,F,2012
7,Ella,174,F,2012
8,Amelia,173,F,2012
9,Ava,171,F,2012
10,Mia,160,F,2012
1,Noah,207,M,2012
2,Jack,201,M,2012
3,William,198,M,2012
4,Ethan,197,M,2012
5,James,186,M,2012
6,Lucas,182,M,2012
7,Jacob,174,M,2012
8,Liam,173,M,2012
9,Oliver,171,M,2012
10,Thomas,157,M,2012
1,Olivia,201,F,2013
2,Charlotte,199,F,2013
3,Ava,195,F,2013
4,Emily,190,F,2013
5,Ruby,185,F,2013
6,Ella,177,F,2013
7,Chloe,176,F,2013
8,Sophie,159,F,2013
9,Amelia,148,F,2013
10,Mia,147,F,2013
1,Jack,242,M,2013
2,Oliver,226,M,2013
3,Noah,203,M,2013
4,William,193,M,2013
5,Lucas,187,M,2013
6,James,180,M,2013
7,Mason,169,M,2013
8,Ethan,163,M,2013
9,Lachlan,155,M,2013
10,Harrison,154,M,2013
1,Emily,204,F,2014
2,Ava,199,F,2014
3,Charlotte,186,F,2014
4,Mia,181,F,2014
4,Olivia,181,F,2014
5,Amelia,180,F,2014
6,Ella,171,F,2014
7,Isla,165,F,2014
8,Sophie,164,F,2014
9,Chloe,162,F,2014
10,Grace,157,F,2014
1,Oliver,254,M,2014
2,Jack,239,M,2014
3,Noah,216,M,2014
4,William,199,M,2014
5,Lucas,183,M,2014
6,Thomas,182,M,2014
7,James,175,M,2014
8,Ethan,170,M,2014
9,Liam,147,M,2014
9,Jacob,147,M,2014
10,Mason,146,M,2014
1,Olivia,206,F,2015
2,Ava,196,F,2015
3,Charlotte,188,F,2015
4,Mia,182,F,2015
5,Isla,166,F,2015
6,Sophie,161,F,2015
7,Grace,155,F,2015
8,Amelia,153,F,2015
9,Ruby,151,F,2015
10,Chloe,145,F,2015
1,Oliver,248,M,2015
2,Jack,228,M,2015
3,James,197,M,2015
4,Noah,191,M,2015
5,William,176,M,2015
6,Thomas,174,M,2015
7,Ethan,173,M,2015
8,Liam,147,M,2015
8,Mason,147,M,2015
9,Lachlan,142,M,2015
10,Lucas,139,M,2015
1,Charlotte,219,F,2016
2,Ava,214,F,2016
3,Mia,191,F,2016
4,Isla,180,F,2016
5,Amelia,165,F,2016
6,Olivia,164,F,2016
7,Ella,147,F,2016
8,Grace,143,F,2016
9,Harper,141,F,2016
10,Emily,135,F,2016
1,Oliver,274,M,2016
2,Jack,264,M,2016
3,William,208,M,2016
4,Noah,201,M,2016
5,Ethan,185,M,2016
6,Thomas,172,M,2016
7,James,169,M,2016
8,Lucas,158,M,2016
9,Charlie,148,M,2016
10,Liam,145,M,2016
1,Isla,195,F,2017
2,Mia,192,F,2017
3,Charlotte,189,F,2017
4,Olivia,187,F,2017
5,Amelia,184,F,2017
6,Ava,156,F,2017
7,Harper,151,F,2017
8,Chloe,147,F,2017
9,Grace,144,F,2017
10,Ella,140,F,2017
1,Oliver,239,M,2017
2,Jack,217,M,2017
3,William,207,M,2017
4,Noah,198,M,2017
5,James,169,M,2017
6,Lucas,165,M,2017
7,Ethan,150,M,2017
8,Thomas,149,M,2017
9,Charlie,146,M,2017
10,Logan,141,M,2017
1,Charlotte,186,F,2018
1,Ava,186,F,2018
2,Mia,171,F,2018
3,Olivia,166,F,2018
4,Amelia,151,F,2018
5,Isla,149,F,2018
6,Harper,142,F,2018
7,Grace,135,F,2018
8,Chloe,125,F,2018
9,Willow,124,F,2018
10,Zoe,123,F,2018
1,Oliver,244,M,2018
2,Jack,223,M,2018
3,Noah,203,M,2018
4,William,176,M,2018
5,Leo,156,M,2018
6,James,147,M,2018
7,Thomas,145,M,2018
8,Ethan,143,M,2018
9,Charlie,126,M,2018
9,Logan,126,M,2018
10,Lucas,125,M,2018
1,Olivia,190,F,2019
2,Isla,186,F,2019
3,Charlotte,175,F,2019
4,Ava,171,F,2019
5,Amelia,160,F,2019
6,Grace,146,F,2019
7,Mia,143,F,2019
8,Harper,137,F,2019
9,Ella,124,F,2019
10,Lucy,118,F,2019
10,Willow,118,F,2019
1,Jack,227,M,2019
2,Noah,218,M,2019
3,Oliver,209,M,2019
4,Lucas,181,M,2019
5,Leo,161,M,2019
6,James,156,M,2019
7,Thomas,148,M,2019
7,William,148,M,2019
8,Mason,143,M,2019
9,Charlie,136,M,2019
10,Henry,134,M,2019
1,Isla,176,F,2020
2,Olivia,165,F,2020
3,Mia,160,F,2020
4,Charlotte,149,F,2020
5,Ava,138,F,2020
6,Amelia,135,F,2020
7,Grace,134,F,2020
8,Ella,126,F,2020
9,Matilda,123,F,2020
10,Isabella,121,F,2020
1,Oliver,222,M,2020
2,Noah,213,M,2020
3,Jack,169,M,2020
4,Leo,165,M,2020
5,Charlie,150,M,2020
6,William,146,M,2020
7,Lucas,141,M,2020
8,James,137,M,2020
9,Thomas,136,M,2020
10,Elijah,135,M,2020
1,Isla,190,F,2021
2,Ava,150,F,2021
3,Amelia,149,F,2021
4,Charlotte,143,F,2021
5,Olivia,141,F,2021
6,Harper,137,F,2021
7,Grace,135,F,2021
8,Mia,122,F,2021
8,Willow,122,F,2021
9,Ella,118,F,2021
10,Matilda,113,F,2021
1,Oliver,248,M,2021
2,Noah,214,M,2021
3,Jack,188,M,2021
4,William,167,M,2021
5,Leo,165,M,2021
6,Elijah,149,M,2021
7,Thomas,144,M,2021
8,Hudson,143,M,2021
9,Charlie,142,M,2021
10,Lucas,140,M,2021
1,Isla,162,F,2022
2,Amelia,150,F,2022
2,Olivia,150,F,2022
3,Charlotte,126,F,2022
4,Mia,122,F,2022
5,Lily,116,F,2022
5,Grace,116,F,2022
6,Ava,113,F,2022
6,Harper,113,F,2022
7,Willow,105,F,2022
8,Ivy,103,F,2022
9,Ella,101,F,2022
10,Mila,95,F,2022
1,Oliver,260,M,2022
2,Noah,178,M,2022
3,Leo,171,M,2022
4,Charlie,151,M,2022
5,Jack,140,M,2022
6,Hudson,136,M,2022
6,Thomas,136,M,2022
7,Theodore,132,M,2022
8,Henry,131,M,2022
9,James,124,M,2022
9,Levi,124,M,2022
9,Luca,124,M,2022
10,William,117,M,2022
10,Elijah,117,M,2022