position,name,count,sex,year
1,Oliver,546,MALE,2020
1,Charlotte,413,FEMALE,2020
1,Oliver,537,MALE,2019
1,Olivia,419,FEMALE,2019
1,Oliver,507,MALE,2018
1,Olivia,374,FEMALE,2018
1,Oliver,509,MALE,2017
1,Charlotte,426,FEMALE,2017
1,Oliver,516,MALE,2016
1,Charlotte,453,FEMALE,2016
1,Oliver,527,MALE,2015
1,Olivia,393,FEMALE,2015
1,Oliver,504,MALE,2014
1,Olivia,443,FEMALE,2014
1,William,494,MALE,2013
1,Charlotte,435,FEMALE,2013
1,Jack,490,MALE,2012
1,Olivia,437,FEMALE,2012
1,Jack,470,MALE,2011
1,Mia,428,FEMALE,2011
1,Jack,558,MALE,2010
1,Ruby,438,FEMALE,2010
1,William,551,MALE,2009
1,Olivia,432,FEMALE,2009
1,William,574,MALE,2008
1,Mia,489,FEMALE,2008
2,Noah,491,MALE,2020
2,Amelia,402,FEMALE,2020
2,Jack,502,MALE,2019
2,Mia,413,FEMALE,2019
2,Jack,463,MALE,2018
2,Charlotte,367,FEMALE,2018
2,William,466,MALE,2017
2,Olivia,360,FEMALE,2017
2,Jack,435,MALE,2016
2,Olivia,413,FEMALE,2016
2,Jack,415,MALE,2015
2,Charlotte,352,FEMALE,2015
2,Jack,464,MALE,2014
2,Charlotte,393,FEMALE,2014
2,Jack,485,MALE,2013
2,Ava,412,FEMALE,2013
2,William,476,MALE,2012
2,Charlotte,427,FEMALE,2012
2,William,461,MALE,2011
2,Ruby,406,FEMALE,2011
2,William,503,MALE,2010
2,Charlotte,433,FEMALE,2010
2,Jack,534,MALE,2009
2,Mia,418,FEMALE,2009
2,Jack,544,MALE,2008
2,Olivia,451,FEMALE,2008
3,William,409,MALE,2020
3,Olivia,373,FEMALE,2020
3,Noah,459,MALE,2019
3,Charlotte,408,FEMALE,2019
3,William,436,MALE,2018
3,Amelia,365,FEMALE,2018
3,Jack,450,MALE,2017
3,Amelia,357,FEMALE,2017
3,William,405,MALE,2016
3,Mia,364,FEMALE,2016
3,William,411,MALE,2015
3,Amelia,338,FEMALE,2015
3,William,463,MALE,2014
3,Mia,355,FEMALE,2014
3,Oliver,469,MALE,2013
3,Olivia,390,FEMALE,2013
3,Oliver,432,MALE,2012
3,Ruby,419,FEMALE,2012
3,Oliver,454,MALE,2011
3,Olivia,404,FEMALE,2011
3,Thomas,436,MALE,2010
3,Mia,423,FEMALE,2010
3,Oliver,453,MALE,2009
3,Chloe,403,FEMALE,2009
3,Thomas,522,MALE,2008
3,Chloe,448,FEMALE,2008
4,Jack,408,MALE,2020
4,Mia,356,FEMALE,2020
4,William,424,MALE,2019
4,Amelia,396,FEMALE,2019
4,Noah,355,MALE,2018
4,Mia,358,FEMALE,2018
4,Noah,372,MALE,2017
4,Ava,347,FEMALE,2017
4,Noah,373,MALE,2016
4,Amelia,355,FEMALE,2016
4,Thomas,337,MALE,2015
4,Ava,324,FEMALE,2015
4,Noah,374,MALE,2014
4,Ava,345,FEMALE,2014
4,Ethan,381,MALE,2013
4,Mia,368,FEMALE,2013
4,Ethan,426,MALE,2012
4,Chloe,399,FEMALE,2012
4,Ethan,445,MALE,2011
4,Chloe,392,FEMALE,2011
4,Oliver,397,MALE,2010
4,Olivia,405,FEMALE,2010
4,Joshua,443,MALE,2009
4,Ruby,398,FEMALE,2009
4,Joshua,475,MALE,2008
4,Isabella,422,FEMALE,2008
5,Charlie,342,MALE,2020
5,Isla,351,FEMALE,2020
5,Thomas,385,MALE,2019
5,Isla,368,FEMALE,2019
5,Thomas,345,MALE,2018
5,Ava,332,FEMALE,2018
5,Thomas,345,MALE,2017
5,Mia,319,FEMALE,2017
5,James,333,MALE,2016
5,Ava,324,FEMALE,2016
5,Noah,320,MALE,2015
5,Mia,283,FEMALE,2015
5,Thomas,342,MALE,2014
5,Chloe,328,FEMALE,2014
5,Thomas,374,MALE,2013
5,Emily,344,FEMALE,2013
5,Thomas,423,MALE,2012
5,Mia,368,FEMALE,2012
5,Noah,390,MALE,2011
5,Charlotte,381,FEMALE,2011
5,Joshua,378,MALE,2010
5,Chloe,373,FEMALE,2010
5,Thomas,442,MALE,2009
5,Isabella,395,FEMALE,2009
5,James,466,MALE,2008
5,Charlotte,414,FEMALE,2008
6,Thomas,339,MALE,2020
6,Ava,335,FEMALE,2020
6,Leo,377,MALE,2019
6,Ava,350,FEMALE,2019
6,Henry,331,MALE,2018
6,Isla,290,FEMALE,2018
6,James,323,MALE,2017
6,Zoe,299,FEMALE,2017
6,Ethan,325,MALE,2016
6,Isla,323,FEMALE,2016
6,Ethan,305,MALE,2015
6,Chloe,281,FEMALE,2015
6,James,337,MALE,2014
6,Amelia,316,FEMALE,2014
6,James,372,MALE,2013
6,Sophie,332,FEMALE,2013
6,Noah,409,MALE,2012
6,Emily,365,FEMALE,2012
6,Thomas,385,MALE,2011
6,Isabella,359,FEMALE,2011
6,James,374,MALE,2010
6,Lily,367,FEMALE,2010
6,Lachlan,418,MALE,2009
6,Charlotte,377,FEMALE,2009
6,Lachlan,440,MALE,2008
6,Ava,371,FEMALE,2008
7,Leo,335,MALE,2020
7,Matilda,289,FEMALE,2020
7,Lucas,357,MALE,2019
7,Chloe,326,FEMALE,2019
7,Leo,314,MALE,2018
7,Zoe,287,FEMALE,2018
7,Lucas,315,MALE,2017
7,Evie,284,FEMALE,2017
7,Thomas,320,MALE,2016
7,Zoe,304,FEMALE,2016
7,James,286,MALE,2015
7,Zoe,268,FEMALE,2015
7,Lucas,318,MALE,2014
7,Sophie,313,FEMALE,2014
7,Noah,368,MALE,2013
7,Isabella,327,FEMALE,2013
7,James,381,MALE,2012
7,Amelia,358,FEMALE,2012
7,James,380,MALE,2011
7,Sienna,355,FEMALE,2011
7,Ethan,362,MALE,2010
7,Ava,350,FEMALE,2010
7,James,382,MALE,2009
7,Ella,366,FEMALE,2009
7,Oliver,432,MALE,2008
7,Sienna,366,FEMALE,2008
8,Henry,316,MALE,2020
8,Chloe,275,FEMALE,2020
8,Charlie,353,MALE,2019
8,Zoe,294,FEMALE,2019
8,Ethan,295,MALE,2018
8,Chloe,277,FEMALE,2018
8,Henry,282,MALE,2017
8,Grace,283,FEMALE,2017
8,Max,282,MALE,2016
8,Evie,301,FEMALE,2016
8,Lucas,284,MALE,2015
8,Evie,263,FEMALE,2015
8,Ethan,305,MALE,2014
8,Emily,301,FEMALE,2014
8,Joshua,327,MALE,2013
8,Chloe,326,FEMALE,2013
8,Lucas,338,MALE,2012
8,Sophie,357,FEMALE,2012
8,Lucas,365,MALE,2011
8,Amelia,352,FEMALE,2011
8,Noah,360,MALE,2010
8,Isabella,348,FEMALE,2010
8,Ethan,362,MALE,2009
8,Emily,353,FEMALE,2009
8,Riley,378,MALE,2008
8,Emily,352,FEMALE,2008
9,Levi,304,MALE,2020
9,Grace,273,FEMALE,2020
9,Henry,340,MALE,2019
9,Ruby,293,FEMALE,2019
9,Liam,270,MALE,2018
9,Grace,257,FEMALE,2018
9,Charlie,280,MALE,2017
9,Isla,282,FEMALE,2017
9,Mason,263,MALE,2016
9,Grace,278,FEMALE,2016
9,Max,258,MALE,2015
9,Sophie,242,FEMALE,2015
9,Mason,269,MALE,2014
9,Ruby,284,FEMALE,2014
9,Lucas,309,MALE,2013
9,Ruby,325,FEMALE,2013
9,Joshua,317,MALE,2012
9,Ava,353,FEMALE,2012
9,Joshua,347,MALE,2011
9,Ella,339,FEMALE,2011
9,Cooper,359,MALE,2010
9,Ella,343,FEMALE,2010
9,Noah,358,MALE,2009
9,Lily,351,FEMALE,2009
9,Cooper,366,MALE,2008
9,Ella,348,FEMALE,2008
10,Archie,295,MALE,2020
10,Ella,265,FEMALE,2020
10,Ethan,334,MALE,2019
10,Harper,289,FEMALE,2019
10,Charlie,270,MALE,2018
10,Matilda,250,FEMALE,2018
10,Ethan,279,MALE,2017
10,Ella,248,FEMALE,2017
10,Alexander,262,MALE,2016
10,Chloe,273,FEMALE,2016
10,Charlie,249,MALE,2015
10,Emily,237,FEMALE,2015
10,Lachlan,269,MALE,2014
10,Ella,274,FEMALE,2014
10,Mason,288,MALE,2013
10,Amelia,320,FEMALE,2013
10,Alexander,313,MALE,2012
10,Zoe,336,FEMALE,2012
10,Lachlan,341,MALE,2011
10,Lily,334,FEMALE,2011
10,Max,327,MALE,2010
10,Emily,323,FEMALE,2010
10,Lucas,337,MALE,2009
10,Ava,350,FEMALE,2009
10,Noah,358,MALE,2008
10,Sophie,328,FEMALE,2008
11,Oscar,290,MALE,2020
11,Willow,262,FEMALE,2020
11,Oscar,307,MALE,2019
11,Matilda,278,FEMALE,2019
11,Max,268,MALE,2018
11,Evie,246,FEMALE,2018
11,Alexander,264,MALE,2017
11,Chloe,247,FEMALE,2017
11,Henry,261,MALE,2016
11,Sophie,262,FEMALE,2016
11,Mason,245,MALE,2015
11,Ella,236,FEMALE,2015
11,Alexander,269,MALE,2014
11,Grace,266,FEMALE,2014
11,Lachlan,286,MALE,2013
11,Grace,302,FEMALE,2013
11,Cooper,298,MALE,2012
11,Isabella,324,FEMALE,2012
11,Cooper,317,MALE,2011
11,Sophie,321,FEMALE,2011
11,Lucas,326,MALE,2010
11,Sophie,304,FEMALE,2010
11,Benjamin,332,MALE,2009
11,Sienna,344,FEMALE,2009
11,Ethan,343,MALE,2008
11,Ruby,319,FEMALE,2008
12,Lucas,280,MALE,2020
12,Sophie,259,FEMALE,2020
12,Alexander,306,MALE,2019
12,Willow,277,FEMALE,2019
12,Harry,267,MALE,2018
12,Ella,246,FEMALE,2018
12,Xavier,263,MALE,2017
12,Sophie,246,FEMALE,2017
12,Lucas,258,MALE,2016
12,Emily,247,FEMALE,2016
12,Alexander,245,MALE,2015
12,Matilda,235,FEMALE,2015
12,Charlie,261,MALE,2014
12,Zoe,263,FEMALE,2014
12,Xavier,285,MALE,2013
12,Ella,274,FEMALE,2013
12,Lachlan,297,MALE,2012
12,Sienna,323,FEMALE,2012
12,Liam,317,MALE,2011
12,Ava,318,FEMALE,2011
12,Benjamin,318,MALE,2010
12,Sienna,298,FEMALE,2010
12,Cooper,328,MALE,2009
12,Grace,323,FEMALE,2009
12,Benjamin,335,MALE,2008
12,Lily,315,FEMALE,2008
13,Ethan,266,MALE,2020
13,Zoe,251,FEMALE,2020
13,Liam,289,MALE,2019
13,Evie,272,FEMALE,2019
13,Lucas,264,MALE,2018
13,Emily,229,FEMALE,2018
13,Leo,263,MALE,2017
13,Isabella,241,FEMALE,2017
13,Charlie,247,MALE,2016
13,Ella,242,FEMALE,2016
13,Oscar,241,MALE,2015
13,Grace,235,FEMALE,2015
13,Oscar,258,MALE,2014
13,Sienna,255,FEMALE,2014
13,Liam,285,MALE,2013
13,Zoe,268,FEMALE,2013
13,Xavier,289,MALE,2012
13,Ella,318,FEMALE,2012
13,Xavier,304,MALE,2011
13,Emily,318,FEMALE,2011
13,Lachlan,314,MALE,2010
13,Amelia,274,FEMALE,2010
13,Riley,328,MALE,2009
13,Amelia,321,FEMALE,2009
13,Lucas,329,MALE,2008
13,Matilda,294,FEMALE,2008
14,Liam,263,MALE,2020
14,Harper,244,FEMALE,2020
14,James,278,MALE,2019
14,Grace,269,FEMALE,2019
14,Alexander,253,MALE,2018
14,Sophie,227,FEMALE,2018
14,Mason,259,MALE,2017
14,Harper,239,FEMALE,2017
14,Leo,242,MALE,2016
14,Harper,236,FEMALE,2016
14,Liam,233,MALE,2015
14,Ruby,225,FEMALE,2015
14,Liam,257,MALE,2014
14,Isabella,254,FEMALE,2014
14,Alexander,276,MALE,2013
14,Matilda,246,FEMALE,2013
14,Samuel,285,MALE,2012
14,Lily,308,FEMALE,2012
14,Max,292,MALE,2011
14,Grace,296,FEMALE,2011
14,Samuel,294,MALE,2010
14,Grace,268,FEMALE,2010
14,Charlie,323,MALE,2009
14,Sophie,320,FEMALE,2009
14,Samuel,323,MALE,2008
14,Grace,288,FEMALE,2008
15,Hudson,249,MALE,2020
15,Evie,241,FEMALE,2020
15,Harvey,273,MALE,2019
15,Ella,267,FEMALE,2019
15,James,249,MALE,2018
15,Isabella,225,FEMALE,2018
15,Liam,253,MALE,2017
15,Emily,239,FEMALE,2017
15,Lachlan,239,MALE,2016
15,Ivy,223,FEMALE,2016
15,Lachlan,232,MALE,2015
15,Isabella,223,FEMALE,2015
15,Xavier,245,MALE,2014
15,Matilda,238,FEMALE,2014
15,Max,271,MALE,2013
15,Sienna,233,FEMALE,2013
15,Max,283,MALE,2012
15,Grace,304,FEMALE,2012
15,Benjamin,289,MALE,2011
15,Zoe,280,FEMALE,2011
15,Xavier,286,MALE,2010
15,Zoe,263,FEMALE,2010
15,Samuel,306,MALE,2009
15,Matilda,293,FEMALE,2009
15,Daniel,314,MALE,2008
15,Amelia,264,FEMALE,2008
16,James,248,MALE,2020
16,Ruby,239,FEMALE,2020
16,Max,267,MALE,2019
16,Sophie,261,FEMALE,2019
16,Oscar,245,MALE,2018
16,Willow,223,FEMALE,2018
16,Max,241,MALE,2017
16,Evelyn,224,FEMALE,2017
16,Isaac,234,MALE,2016
16,Evelyn,222,FEMALE,2016
16,Henry,231,MALE,2015
16,Isla,216,FEMALE,2015
16,Henry,244,MALE,2014
16,Scarlett,215,FEMALE,2014
16,Samuel,266,MALE,2013
16,Lily,231,FEMALE,2013
16,Liam,283,MALE,2012
16,Matilda,248,FEMALE,2012
16,Samuel,279,MALE,2011
16,Matilda,220,FEMALE,2011
16,Alexander,282,MALE,2010
16,Matilda,230,FEMALE,2010
16,Alexander,303,MALE,2009
16,Zoe,248,FEMALE,2009
16,Max,310,MALE,2008
16,Hannah,255,FEMALE,2008
17,Theodore,246,MALE,2020
17,Ivy,228,FEMALE,2020
17,Mason,264,MALE,2019
17,Ivy,248,FEMALE,2019
17,Mason,242,MALE,2018
17,Harper,218,FEMALE,2018
17,Harry,238,MALE,2017
17,Matilda,223,FEMALE,2017
17,Liam,233,MALE,2016
17,Matilda,221,FEMALE,2016
17,Xavier,222,MALE,2015
17,Ivy,206,FEMALE,2015
17,Max,243,MALE,2014
17,Evie,210,FEMALE,2014
17,Benjamin,256,MALE,2013
17,Isla,225,FEMALE,2013
17,Oscar,281,MALE,2012
17,Isla,209,FEMALE,2012
17,Alexander,273,MALE,2011
17,Lucy,194,FEMALE,2011
17,Liam,268,MALE,2010
17,Lucy,193,FEMALE,2010
17,Max,285,MALE,2009
17,Emma,231,FEMALE,2009
17,Charlie,301,MALE,2008
17,Zoe,255,FEMALE,2008
18,Alexander,238,MALE,2020
18,Isabella,219,FEMALE,2020
18,Levi,255,MALE,2019
18,Isabella,244,FEMALE,2019
18,Hudson,234,MALE,2018
18,Ruby,215,FEMALE,2018
18,Harvey,236,MALE,2017
18,Lily,218,FEMALE,2017
18,Harry,221,MALE,2016
18,Isabella,217,FEMALE,2016
18,Leo,211,MALE,2015
18,Harper,202,FEMALE,2015
18,Joshua,243,MALE,2014
18,Ivy,196,FEMALE,2014
18,Cooper,254,MALE,2013
18,Emma,220,FEMALE,2013
18,Mason,266,MALE,2012
18,Scarlett,206,FEMALE,2012
18,Charlie,270,MALE,2011
18,Georgia,174,FEMALE,2011
18,Charlie,265,MALE,2010
18,Jessica,189,FEMALE,2010
18,Liam,266,MALE,2009
18,Hannah,213,FEMALE,2009
18,Alexander,289,MALE,2008
18,Jessica,249,FEMALE,2008
19,Elijah,231,MALE,2020
19,Mila,218,FEMALE,2020
19,Harry,253,MALE,2019
19,Evelyn,233,FEMALE,2019
19,Harrison,229,MALE,2018
19,Ivy,207,FEMALE,2018
19,Oscar,230,MALE,2017
19,Ivy,218,FEMALE,2017
19,Samuel,218,MALE,2016
19,Ruby,209,FEMALE,2016
19,Isaac,208,MALE,2015
19,Sienna,201,FEMALE,2015
19,Samuel,235,MALE,2014
19,Zara,195,FEMALE,2014
19,Henry,246,MALE,2013
19,Zara,218,FEMALE,2013
19,Charlie,264,MALE,2012
19,Emma,200,FEMALE,2012
19,Harry,260,MALE,2011
19,Scarlett,166,FEMALE,2011
19,Riley,250,MALE,2010
19,Hannah,188,FEMALE,2010
19,Xavier,254,MALE,2009
19,Lucy,199,FEMALE,2009
19,Liam,282,MALE,2008
19,Emma,233,FEMALE,2008
20,Isaac,229,MALE,2020
20,Evelyn,217,FEMALE,2020
20,Elijah,247,MALE,2019
20,Sienna,230,FEMALE,2019
20,Xavier,220,MALE,2018
20,Mila,204,FEMALE,2018
20,Samuel,225,MALE,2017
20,Ruby,215,FEMALE,2017
20,Xavier,216,MALE,2016
20,Lily,207,FEMALE,2016
20,Benjamin,208,MALE,2015
20,Lily,197,FEMALE,2015
20,Benjamin,230,MALE,2014
20,Isla,195,FEMALE,2014
20,Oscar,244,MALE,2013
20,Lucy,211,FEMALE,2013
20,Jacob,261,MALE,2012
20,Hannah,196,FEMALE,2012
20,Oscar,241,MALE,2011
20,Hannah,165,FEMALE,2011
20,Jacob,237,MALE,2010
20,Emma,186,FEMALE,2010
20,Daniel,246,MALE,2009
20,Jessica,189,FEMALE,2009
20,Ryan,277,MALE,2008
20,Lucy,208,FEMALE,2008
21,Mason,224,MALE,2020
21,Hazel,199,FEMALE,2020
21,Xavier,242,MALE,2019
21,Emily,217,FEMALE,2019
21,Isaac,217,MALE,2018
21,Lily,199,FEMALE,2018
21,Isaac,221,MALE,2017
21,Lucy,208,FEMALE,2017
21,Oscar,215,MALE,2016
21,Lucy,205,FEMALE,2016
21,Samuel,204,MALE,2015
21,Scarlett,196,FEMALE,2015
21,Isaac,222,MALE,2014
21,Emma,192,FEMALE,2014
21,Harrison,235,MALE,2013
21,Evie,196,FEMALE,2013
21,Benjamin,258,MALE,2012
21,Evie,178,FEMALE,2012
21,Jacob,230,MALE,2011
21,Zara,156,FEMALE,2011
21,Ryan,224,MALE,2010
21,Jasmine,178,FEMALE,2010
21,Oscar,234,MALE,2009
21,Jasmine,179,FEMALE,2009
21,Matthew,272,MALE,2008
21,Georgia,204,FEMALE,2008
22,Max,224,MALE,2020
22,Sienna,194,FEMALE,2020
22,Harrison,234,MALE,2019
22,Hazel,216,FEMALE,2019
22,Levi,212,MALE,2018
22,Evelyn,195,FEMALE,2018
22,Levi,216,MALE,2017
22,Hannah,193,FEMALE,2017
22,Joshua,213,MALE,2016
22,Scarlett,189,FEMALE,2016
22,Levi,202,MALE,2015
22,Emma,185,FEMALE,2015
22,Harrison,219,MALE,2014
22,Lily,185,FEMALE,2014
22,Charlie,233,MALE,2013
22,Ivy,189,FEMALE,2013
22,Harry,256,MALE,2012
22,Eva,171,FEMALE,2012
22,Riley,216,MALE,2011
22,Emma,155,FEMALE,2011
22,Oscar,220,MALE,2010
22,Scarlett,156,FEMALE,2010
22,Ryan,230,MALE,2009
22,Isabelle,171,FEMALE,2009
22,Xavier,233,MALE,2008
22,Sarah,193,FEMALE,2008
23,Harry,219,MALE,2020
23,Lily,191,FEMALE,2020
23,Isaac,233,MALE,2019
23,Zara,214,FEMALE,2019
23,Harvey,208,MALE,2018
23,Hannah,174,FEMALE,2018
23,Logan,213,MALE,2017
23,Scarlett,191,FEMALE,2017
23,Harrison,210,MALE,2016
23,Willow,187,FEMALE,2016
23,Harry,200,MALE,2015
23,Zara,166,FEMALE,2015
23,Harry,217,MALE,2014
23,Lucy,182,FEMALE,2014
23,Harry,230,MALE,2013
23,Scarlett,169,FEMALE,2013
23,Henry,240,MALE,2012
23,Sophia,162,FEMALE,2012
23,Mason,213,MALE,2011
23,Isla,153,FEMALE,2011
23,Tyler,214,MALE,2010
23,Zara,153,FEMALE,2010
23,Matthew,205,MALE,2009
23,Georgia,168,FEMALE,2009
23,Angus,226,MALE,2008
23,Jasmine,184,FEMALE,2008
24,Xavier,211,MALE,2020
24,Zara,190,FEMALE,2020
24,Theodore,229,MALE,2019
24,Hannah,208,FEMALE,2019
24,Patrick,206,MALE,2018
24,Zara,168,FEMALE,2018
24,Benjamin,211,MALE,2017
24,Zara,190,FEMALE,2017
24,Harvey,209,MALE,2016
24,Sienna,184,FEMALE,2016
24,Hudson,192,MALE,2015
24,Evelyn,163,FEMALE,2015
24,Levi,204,MALE,2014
24,Harper,168,FEMALE,2014
24,Jacob,225,MALE,2013
24,Sophia,167,FEMALE,2013
24,Ryan,228,MALE,2012
24,Lucy,161,FEMALE,2012
24,Ryan,207,MALE,2011
24,Evie,151,FEMALE,2011
24,Harry,211,MALE,2010
24,Isabelle,150,FEMALE,2010
24,Tyler,205,MALE,2009
24,Sarah,168,FEMALE,2009
24,Jacob,226,MALE,2008
24,Isabelle,171,FEMALE,2008
25,Harvey,209,MALE,2020
25,Lucy,183,FEMALE,2020
25,Hudson,218,MALE,2019
25,Lily,206,FEMALE,2019
25,Samuel,203,MALE,2018
25,Sophia,168,FEMALE,2018
25,Harrison,204,MALE,2017
25,Emma,186,FEMALE,2017
25,Benjamin,207,MALE,2016
25,Emma,175,FEMALE,2016
25,Patrick,189,MALE,2015
25,Lucy,156,FEMALE,2015
25,Jacob,204,MALE,2014
25,Hannah,154,FEMALE,2014
25,Jackson,197,MALE,2013
25,Hannah,165,FEMALE,2013
25,Riley,217,MALE,2012
25,Isabelle,161,FEMALE,2012
25,Henry,200,MALE,2011
25,Jessica,151,FEMALE,2011
25,Daniel,207,MALE,2010
25,Eva,148,FEMALE,2010
25,Jacob,202,MALE,2009
25,Madison,149,FEMALE,2009
25,Luke,222,MALE,2008
25,Madison,159,FEMALE,2008
26,Patrick,209,MALE,2020
26,Audrey,181,FEMALE,2020
26,Luca,212,MALE,2019
26,Mila,201,FEMALE,2019
26,Logan,203,MALE,2018
26,Scarlett,165,FEMALE,2018
26,Joshua,200,MALE,2017
26,Willow,183,FEMALE,2017
26,Sebastian,197,MALE,2016
26,Eva,159,FEMALE,2016
26,Joshua,184,MALE,2015
26,Georgia,142,FEMALE,2015
26,Patrick,201,MALE,2014
26,Isabelle,148,FEMALE,2014
26,Daniel,196,MALE,2013
26,Harper,156,FEMALE,2013
26,Harrison,209,MALE,2012
26,Zara,154,FEMALE,2012
26,Daniel,198,MALE,2011
26,Isabelle,138,FEMALE,2011
26,Henry,203,MALE,2010
26,Holly,140,FEMALE,2010
26,Angus,201,MALE,2009
26,Zara,149,FEMALE,2009
26,Tyler,211,MALE,2008
26,Zara,159,FEMALE,2008
27,Harrison,208,MALE,2020
27,Emily,181,FEMALE,2020
27,Archie,211,MALE,2019
27,Audrey,197,FEMALE,2019
27,Joshua,190,MALE,2018
27,Lucy,163,FEMALE,2018
27,Ryan,199,MALE,2017
27,Sienna,181,FEMALE,2017
27,Hunter,190,MALE,2016
27,Zara,158,FEMALE,2016
27,Archer,178,MALE,2015
27,Willow,140,FEMALE,2015
27,Ryan,196,MALE,2014
27,Willow,146,FEMALE,2014
27,Hudson,194,MALE,2013
27,Abigail,150,FEMALE,2013
27,Isaac,197,MALE,2012
27,Ivy,151,FEMALE,2012
27,Jake,192,MALE,2011
27,Eva,136,FEMALE,2011
27,Levi,186,MALE,2010
27,Georgia,137,FEMALE,2010
27,Archie,197,MALE,2009
27,Maddison,142,FEMALE,2009
27,Harrison,210,MALE,2008
27,Holly,153,FEMALE,2008
28,Luca,206,MALE,2020
28,Hannah,171,FEMALE,2020
28,Patrick,206,MALE,2019
28,Lucy,195,FEMALE,2019
28,Elijah,189,MALE,2018
28,Isabelle,163,FEMALE,2018
28,Archie,195,MALE,2017
28,Audrey,181,FEMALE,2017
28,Jacob,186,MALE,2016
28,Mila,154,FEMALE,2016
28,Archie,176,MALE,2015
28,Isabelle,135,FEMALE,2015
28,Daniel,189,MALE,2014
28,Sophia,146,FEMALE,2014
28,Sebastian,193,MALE,2013
28,Willow,146,FEMALE,2013
28,Levi,190,MALE,2012
28,Jasmine,147,FEMALE,2012
28,Tyler,192,MALE,2011
28,Ivy,136,FEMALE,2011
28,Jake,184,MALE,2010
28,Sarah,137,FEMALE,2010
28,Mitchell,196,MALE,2009
28,Scarlett,138,FEMALE,2009
28,Oscar,208,MALE,2008
28,Maddison,147,FEMALE,2008
29,Archer,189,MALE,2020
29,Aria,166,FEMALE,2020
29,Hunter,205,MALE,2019
29,Scarlett,192,FEMALE,2019
29,Benjamin,187,MALE,2018
29,Georgia,161,FEMALE,2018
29,Lachlan,188,MALE,2017
29,Georgia,173,FEMALE,2017
29,Levi,183,MALE,2016
29,Audrey,154,FEMALE,2016
29,Hunter,173,MALE,2015
29,Sophia,134,FEMALE,2015
29,Hunter,187,MALE,2014
29,Eva,144,FEMALE,2014
29,Levi,189,MALE,2013
29,Georgia,143,FEMALE,2013
29,Sebastian,179,MALE,2012
29,Harper,144,FEMALE,2012
29,Harrison,186,MALE,2011
29,Maya,134,FEMALE,2011
29,Matthew,176,MALE,2010
29,Evie,134,FEMALE,2010
29,Harrison,194,MALE,2009
29,Chelsea,130,FEMALE,2009
29,Nicholas,204,MALE,2008
29,Chelsea,124,FEMALE,2008
30,Hunter,184,MALE,2020
30,Scarlett,163,FEMALE,2020
30,Arlo,200,MALE,2019
30,Aria,175,FEMALE,2019
30,Lachlan,185,MALE,2018
30,Aria,160,FEMALE,2018
30,Patrick,186,MALE,2017
30,Eva,160,FEMALE,2017
30,Ryan,182,MALE,2016
30,Georgia,147,FEMALE,2016
30,Harrison,172,MALE,2015
30,Alice,134,FEMALE,2015
30,Edward,178,MALE,2014
30,Abigail,140,FEMALE,2014
30,Isaac,189,MALE,2013
30,Eva,140,FEMALE,2013
30,Daniel,179,MALE,2012
30,Jessica,143,FEMALE,2012
30,Jackson,170,MALE,2011
30,Abigail,132,FEMALE,2011
30,Nicholas,173,MALE,2010
30,Abigail,133,FEMALE,2010
30,Jake,188,MALE,2009
30,Isla,130,FEMALE,2009
30,Jake,198,MALE,2008
30,Hayley,123,FEMALE,2008
31,Benjamin,182,MALE,2020
31,Sophia,162,FEMALE,2020
31,Sebastian,197,MALE,2019
31,Emma,166,FEMALE,2019
31,Ryan,184,MALE,2018
31,Sienna,158,FEMALE,2018
31,Hudson,184,MALE,2017
31,Aria,159,FEMALE,2017
31,Hudson,182,MALE,2016
31,Hannah,145,FEMALE,2016
31,Jacob,169,MALE,2015
31,Eva,132,FEMALE,2015
31,Cooper,178,MALE,2014
31,Evelyn,139,FEMALE,2014
31,Logan,186,MALE,2013
31,Layla,139,FEMALE,2013
31,Tyler,178,MALE,2012
31,Madison,134,FEMALE,2012
31,Levi,168,MALE,2011
31,Jasmine,132,FEMALE,2011
31,Harrison,169,MALE,2010
31,Isla,126,FEMALE,2010
31,Harry,186,MALE,2009
31,Tahlia,127,FEMALE,2009
31,Mitchell,197,MALE,2008
31,Imogen,122,FEMALE,2008
32,Hugo,179,MALE,2020
32,Isabelle,152,FEMALE,2020
32,Ryan,196,MALE,2019
32,Isabelle,161,FEMALE,2019
32,Hunter,180,MALE,2018
32,Hazel,156,FEMALE,2018
32,Sebastian,183,MALE,2017
32,Sophia,151,FEMALE,2017
32,Patrick,181,MALE,2016
32,Aria,144,FEMALE,2016
32,Cooper,169,MALE,2015
32,Audrey,132,FEMALE,2015
32,Sebastian,175,MALE,2014
32,Georgia,135,FEMALE,2014
32,Ryan,180,MALE,2013
32,Isabelle,139,FEMALE,2013
32,Logan,178,MALE,2012
32,Audrey,134,FEMALE,2012
32,Nicholas,166,MALE,2011
32,Madison,132,FEMALE,2011
32,Archie,168,MALE,2010
32,Maya,125,FEMALE,2010
32,Isaac,185,MALE,2009
32,Holly,126,FEMALE,2009
32,Harry,196,MALE,2008
32,Molly,122,FEMALE,2008
33,Sebastian,176,MALE,2020
33,Daisy,146,FEMALE,2020
33,Archer,193,MALE,2019
33,Sophia,161,FEMALE,2019
33,Theodore,179,MALE,2018
33,Eva,150,FEMALE,2018
33,Jacob,183,MALE,2017
33,Isabelle,151,FEMALE,2017
33,Cooper,181,MALE,2016
33,Sophia,143,FEMALE,2016
33,Ryan,166,MALE,2015
33,Hannah,128,FEMALE,2015
33,Hudson,175,MALE,2014
33,Maya,132,FEMALE,2014
33,Leo,178,MALE,2013
33,Imogen,132,FEMALE,2013
33,Archie,178,MALE,2012
33,Alice,132,FEMALE,2012
33,Jayden,164,MALE,2011
33,Holly,125,FEMALE,2011
33,Luke,168,MALE,2010
33,Madison,122,FEMALE,2010
33,Blake,184,MALE,2009
33,Abigail,124,FEMALE,2009
33,Jordan,192,MALE,2008
33,Abigail,120,FEMALE,2008
34,Finn,173,MALE,2020
34,Georgia,143,FEMALE,2020
34,Lachlan,188,MALE,2019
34,Poppy,151,FEMALE,2019
34,Sebastian,177,MALE,2018
34,Audrey,144,FEMALE,2018
34,Archer,183,MALE,2017
34,Mila,149,FEMALE,2017
34,Archie,174,MALE,2016
34,Isabelle,136,FEMALE,2016
34,Logan,161,MALE,2015
34,Mila,126,FEMALE,2015
34,Archie,175,MALE,2014
34,Violet,121,FEMALE,2014
34,Archie,178,MALE,2013
34,Audrey,132,FEMALE,2013
34,Patrick,170,MALE,2012
34,Milla,131,FEMALE,2012
34,Luke,164,MALE,2011
34,Sarah,125,FEMALE,2011
34,Angus,166,MALE,2010
34,Chelsea,118,FEMALE,2010
34,Luke,182,MALE,2009
34,Summer,119,FEMALE,2009
34,Nathan,182,MALE,2008
34,Abbey,119,FEMALE,2008
35,George,168,MALE,2020
35,Luna,143,FEMALE,2020
35,Benjamin,186,MALE,2019
35,Georgia,149,FEMALE,2019
35,Archie,169,MALE,2018
35,Alice,143,FEMALE,2018
35,Hunter,182,MALE,2017
35,Hazel,149,FEMALE,2017
35,Archer,172,MALE,2016
35,Layla,121,FEMALE,2016
35,Sebastian,159,MALE,2015
35,Jasmine,122,FEMALE,2015
35,Jackson,173,MALE,2014
35,Jasmine,121,FEMALE,2014
35,Patrick,176,MALE,2013
35,Madison,130,FEMALE,2013
35,Jackson,166,MALE,2012
35,Willow,129,FEMALE,2012
35,Sebastian,162,MALE,2011
35,Milla,122,FEMALE,2011
35,Aiden,159,MALE,2010
35,Alice,114,FEMALE,2010
35,Nicholas,181,MALE,2009
35,Alyssa,115,FEMALE,2009
35,Blake,177,MALE,2008
35,Alexandra,114,FEMALE,2008
36,Lachlan,167,MALE,2020
36,Eleanor,140,FEMALE,2020
36,Edward,184,MALE,2019
36,Abigail,144,FEMALE,2019
36,Archer,168,MALE,2018
36,Abigail,141,FEMALE,2018
36,Elijah,182,MALE,2017
36,Abigail,145,FEMALE,2017
36,Edward,162,MALE,2016
36,Alice,120,FEMALE,2016
36,Daniel,156,MALE,2015
36,Aria,117,FEMALE,2015
36,Logan,171,MALE,2014
36,Mila,120,FEMALE,2014
36,Riley,171,MALE,2013
36,Alice,130,FEMALE,2013
36,Flynn,165,MALE,2012
36,Maddison,127,FEMALE,2012
36,Isaac,157,MALE,2011
36,Alice,115,FEMALE,2011
36,Jayden,154,MALE,2010
36,Maddison,111,FEMALE,2010
36,Jackson,174,MALE,2009
36,Hayley,112,FEMALE,2009
36,Michael,174,MALE,2008
36,Tahlia,113,FEMALE,2008
37,Ryan,167,MALE,2020
37,Maya,140,FEMALE,2020
37,Samuel,180,MALE,2019
37,Florence,144,FEMALE,2019
37,Edward,159,MALE,2018
37,Layla,136,FEMALE,2018
37,Cooper,180,MALE,2017
37,Billie,135,FEMALE,2017
37,Elijah,159,MALE,2016
37,Maya,113,FEMALE,2016
37,Harvey,154,MALE,2015
37,Maddison,115,FEMALE,2015
37,Leo,168,MALE,2014
37,Audrey,120,FEMALE,2014
37,Hunter,165,MALE,2013
37,Alexis,125,FEMALE,2013
37,Blake,163,MALE,2012
37,Georgia,126,FEMALE,2012
37,Archie,156,MALE,2011
37,Alexis,112,FEMALE,2011
37,Blake,153,MALE,2010
37,Alyssa,106,FEMALE,2010
37,Jordan,173,MALE,2009
37,Maya,112,FEMALE,2009
37,Bailey,171,MALE,2008
37,Scarlett,111,FEMALE,2008
38,Cooper,162,MALE,2020
38,Violet,140,FEMALE,2020
38,LOUIS,179,MALE,2019
38,Layla,144,FEMALE,2019
38,George,154,MALE,2018
38,Emma,132,FEMALE,2018
38,Edward,168,MALE,2017
38,Violet,127,FEMALE,2017
38,Daniel,152,MALE,2016
38,Poppy,108,FEMALE,2016
38,George,147,MALE,2015
38,Abigail,115,FEMALE,2015
38,Flynn,161,MALE,2014
38,Imogen,119,FEMALE,2014
38,Blake,162,MALE,2013
38,Jasmine,118,FEMALE,2013
38,Jayden,157,MALE,2012
38,Abigail,126,FEMALE,2012
38,Blake,156,MALE,2011
38,Chelsea,109,FEMALE,2011
38,Nathan,153,MALE,2010
38,Sophia,105,FEMALE,2010
38,Jayden,165,MALE,2009
38,Alexandra,101,FEMALE,2009
38,Archie,161,MALE,2008
38,Eva,110,FEMALE,2008
39,Muhammad,159,MALE,2020
39,Billie,137,FEMALE,2020
39,George,173,MALE,2019
39,Alice,143,FEMALE,2019
39,Jacob,151,MALE,2018
39,Florence,128,FEMALE,2018
39,George,167,MALE,2017
39,Layla,121,FEMALE,2017
39,George,151,MALE,2016
39,Billie,106,FEMALE,2016
39,Edward,142,MALE,2015
39,Sarah,114,FEMALE,2015
39,Elijah,159,MALE,2014
39,Maddison,108,FEMALE,2014
39,Edward,159,MALE,2013
39,Jessica,115,FEMALE,2013
39,Hunter,156,MALE,2012
39,Sarah,125,FEMALE,2012
39,Aiden,154,MALE,2011
39,Sophia,108,FEMALE,2011
39,Isaac,151,MALE,2010
39,Alexis,102,FEMALE,2010
39,Dylan,160,MALE,2009
39,Eliza,100,FEMALE,2009
39,Dylan,160,MALE,2008
39,Stephanie,108,FEMALE,2008
40,Jordan,158,MALE,2020
40,Florence,136,FEMALE,2020
40,Jacob,172,MALE,2019
40,Luna,138,FEMALE,2019
40,Cooper,150,MALE,2018
40,Daisy,113,FEMALE,2018
40,Daniel,154,MALE,2017
40,Alice,117,FEMALE,2017
40,Flynn,150,MALE,2016
40,Abigail,106,FEMALE,2016
40,Jackson,134,MALE,2015
40,Layla,112,FEMALE,2015
40,Archer,157,MALE,2014
40,Annabelle,108,FEMALE,2014
40,Jayden,155,MALE,2013
40,Stella,114,FEMALE,2013
40,Matthew,151,MALE,2012
40,Stella,123,FEMALE,2012
40,Nathan,143,MALE,2011
40,Willow,108,FEMALE,2011
40,Jackson,151,MALE,2010
40,Phoebe,101,FEMALE,2010
40,Nathan,153,MALE,2009
40,Molly,100,FEMALE,2009
40,Hamish,160,MALE,2008
40,Stella,103,FEMALE,2008
41,Joshua,156,MALE,2020
41,Emma,134,FEMALE,2020
41,Logan,167,MALE,2019
41,Violet,132,FEMALE,2019
41,Hugo,141,MALE,2018
41,Sofia,111,FEMALE,2018
41,Jordan,150,MALE,2017
41,Maya,116,FEMALE,2017
41,Logan,149,MALE,2016
41,Violet,100,FEMALE,2016
41,Jayden,133,MALE,2015
41,Poppy,107,FEMALE,2015
41,Jayden,152,MALE,2014
41,Layla,104,FEMALE,2014
41,Archer,154,MALE,2013
41,Maya,112,FEMALE,2013
41,Luke,149,MALE,2012
41,Maya,112,FEMALE,2012
41,Angus,141,MALE,2011
41,Stella,103,FEMALE,2011
41,Mitchell,150,MALE,2010
41,Hayley,100,FEMALE,2010
41,Hamish,147,MALE,2009
41,Sophia,99,FEMALE,2009
41,Jackson,158,MALE,2008
41,Alice,102,FEMALE,2008
42,Samuel,155,MALE,2020
42,Layla,134,FEMALE,2020
42,Jasper,163,MALE,2019
42,Eleanor,131,FEMALE,2019
42,Finn,139,MALE,2018
42,Harriet,110,FEMALE,2018
42,Luca,148,MALE,2017
42,Harriet,111,FEMALE,2017
42,Jordan,149,MALE,2016
42,Piper,99,FEMALE,2016
42,Luca,132,MALE,2015
42,Maya,107,FEMALE,2015
42,Jaxon,148,MALE,2014
42,Alice,103,FEMALE,2014
42,Zachary,148,MALE,2013
42,Mila,111,FEMALE,2013
42,Angus,149,MALE,2012
42,Alexis,112,FEMALE,2012
42,Zachary,141,MALE,2011
42,Audrey,102,FEMALE,2011
42,Logan,147,MALE,2010
42,Tahlia,100,FEMALE,2010
42,Henry,146,MALE,2009
42,Mikayla,98,FEMALE,2009
42,Isaac,155,MALE,2008
42,Amy,101,FEMALE,2008
43,Arlo,154,MALE,2020
43,Penelope,134,FEMALE,2020
43,Jayden,163,MALE,2019
43,Ellie,131,FEMALE,2019
43,Luca,138,MALE,2018
43,Ellie,105,FEMALE,2018
43,Theodore,144,MALE,2017
43,Ellie,111,FEMALE,2017
43,Jayden,143,MALE,2016
43,Hazel,97,FEMALE,2016
43,Angus,130,MALE,2015
43,Summer,104,FEMALE,2015
43,Aiden,142,MALE,2014
43,Poppy,102,FEMALE,2014
43,Elijah,147,MALE,2013
43,Sarah,105,FEMALE,2013
43,Nicholas,146,MALE,2012
43,Mackenzie,110,FEMALE,2012
43,Matthew,140,MALE,2011
43,Maddison,99,FEMALE,2011
43,Patrick,147,MALE,2010
43,Ivy,98,FEMALE,2010
43,Luca,146,MALE,2009
43,Imogen,96,FEMALE,2009
43,Hayden,149,MALE,2008
43,Caitlin,100,FEMALE,2008
44,Louis,145,MALE,2020
44,Ellie,133,FEMALE,2020
44,Jordan,163,MALE,2019
44,Ayla,128,FEMALE,2019
44,Muhammad,136,MALE,2018
44,Poppy,103,FEMALE,2018
44,Zachary,143,MALE,2017
44,Frankie,105,FEMALE,2017
44,Lincoln,130,MALE,2016
44,Milla,91,FEMALE,2016
44,Louis,129,MALE,2015
44,Stella,99,FEMALE,2015
44,Harvey,140,MALE,2014
44,Jessica,102,FEMALE,2014
44,Angus,147,MALE,2013
44,Summer,102,FEMALE,2013
44,Dylan,146,MALE,2012
44,Layla,109,FEMALE,2012
44,Logan,139,MALE,2011
44,Lilly,96,FEMALE,2011
44,Sebastian,147,MALE,2010
44,Molly,97,FEMALE,2010
44,Christian,142,MALE,2009
44,Alice,95,FEMALE,2009
44,Jayden,147,MALE,2008
44,Elizabeth,99,FEMALE,2008
45,Logan,142,MALE,2020
45,Ayla,131,FEMALE,2020
45,Hugo,161,MALE,2019
45,Frankie,128,FEMALE,2019
45,Arlo,136,MALE,2018
45,Maya,103,FEMALE,2018
45,Hugo,143,MALE,2017
45,Stella,100,FEMALE,2017
45,Angus,130,MALE,2016
45,Elizabeth,91,FEMALE,2016
45,Flynn,128,MALE,2015
45,Annabelle,97,FEMALE,2015
45,Angus,137,MALE,2014
45,Sofia,100,FEMALE,2014
45,Aiden,147,MALE,2013
45,Sofia,102,FEMALE,2013
45,Zachary,145,MALE,2012
45,Mila,105,FEMALE,2012
45,Patrick,137,MALE,2011
45,Poppy,92,FEMALE,2011
45,Jordan,145,MALE,2010
45,Stella,97,FEMALE,2010
45,Michael,138,MALE,2009
45,Lara,95,FEMALE,2009
45,Patrick,147,MALE,2008
45,Maya,97,FEMALE,2008
46,Arthur,141,MALE,2020
46,Emilia,130,FEMALE,2020
46,Joshua,159,MALE,2019
46,Billie,127,FEMALE,2019
46,Daniel,128,MALE,2018
46,Sarah,101,FEMALE,2018
46,Aiden,143,MALE,2017
46,Poppy,98,FEMALE,2017
46,Aiden,126,MALE,2016
46,Sofia,90,FEMALE,2016
46,Hugo,126,MALE,2015
46,Violet,96,FEMALE,2015
46,Riley,133,MALE,2014
46,Stella,99,FEMALE,2014
46,Tyler,139,MALE,2013
46,Milla,102,FEMALE,2013
46,Archer,145,MALE,2012
46,Summer,104,FEMALE,2012
46,Michael,132,MALE,2011
46,Isabel,87,FEMALE,2011
46,Luca,140,MALE,2010
46,Summer,97,FEMALE,2010
46,Bailey,137,MALE,2009
46,Amber,93,FEMALE,2009
46,Henry,144,MALE,2008
46,Paige,94,FEMALE,2008
47,Edward,139,MALE,2020
47,Abigail,128,FEMALE,2020
47,Finn,152,MALE,2019
47,Eva,127,FEMALE,2019
47,Jayden,126,MALE,2018
47,Eleanor,98,FEMALE,2018
47,Arlo,142,MALE,2017
47,Piper,97,FEMALE,2017
47,Finn,125,MALE,2016
47,Ellie,90,FEMALE,2016
47,Elijah,123,MALE,2015
47,Imogen,95,FEMALE,2015
47,George,130,MALE,2014
47,Alexis,95,FEMALE,2014
47,Luca,139,MALE,2013
47,Chelsea,100,FEMALE,2013
47,Jake,144,MALE,2012
47,Chelsea,104,FEMALE,2012
47,Hamish,131,MALE,2011
47,Summer,86,FEMALE,2011
47,Michael,137,MALE,2010
47,Elizabeth,95,FEMALE,2010
47,Levi,132,MALE,2009
47,Milla,93,FEMALE,2009
47,Logan,139,MALE,2008
47,Claire,91,FEMALE,2008
48,Jacob,134,MALE,2020
48,Sofia,128,FEMALE,2020
48,Jackson,150,MALE,2019
48,Emilia,125,FEMALE,2019
48,Austin,121,MALE,2018
48,Billie,98,FEMALE,2018
48,Darcy,141,MALE,2017
48,Penelope,96,FEMALE,2017
48,Tyler,122,MALE,2016
48,Sarah,88,FEMALE,2016
48,Riley,121,MALE,2015
48,Ellie,92,FEMALE,2015
48,Blake,130,MALE,2014
48,Ellie,93,FEMALE,2014
48,Jaxon,138,MALE,2013
48,Mackenzie,99,FEMALE,2013
48,Aiden,144,MALE,2012
48,Elizabeth,102,FEMALE,2012
48,Hunter,130,MALE,2011
48,Anna,85,FEMALE,2011
48,Mason,134,MALE,2010
48,Layla,93,FEMALE,2010
48,Logan,131,MALE,2009
48,Evie,92,FEMALE,2009
48,Christian,133,MALE,2008
48,Lilly,91,FEMALE,2008
49,Daniel,131,MALE,2020
49,Eva,126,FEMALE,2020
49,Cooper,149,MALE,2019
49,Maya,125,FEMALE,2019
49,Lincoln,119,MALE,2018
49,Sadie,97,FEMALE,2018
49,Jackson,137,MALE,2017
49,Jasmine,95,FEMALE,2017
49,Nate,122,MALE,2016
49,Imogen,88,FEMALE,2016
49,Aiden,120,MALE,2015
49,Mackenzie,87,FEMALE,2015
49,Hugo,128,MALE,2014
49,Summer,91,FEMALE,2014
49,Jake,136,MALE,2013
49,Annabelle,99,FEMALE,2013
49,Edward,143,MALE,2012
49,Lilly,99,FEMALE,2012
49,Edward,129,MALE,2011
49,Layla,85,FEMALE,2011
49,Hamish,132,MALE,2010
49,Willow,93,FEMALE,2010
49,Patrick,131,MALE,2009
49,Elizabeth,91,FEMALE,2009
49,Sebastian,131,MALE,2008
49,Mikayla,89,FEMALE,2008
50,Jayden,131,MALE,2020
50,Sadie,125,FEMALE,2020
50,Angus,146,MALE,2019
50,SOFIA,120,FEMALE,2019
50,Jordan,119,MALE,2018
50,Violet,96,FEMALE,2018
50,Finn,133,MALE,2017
50,Emilia,93,FEMALE,2017
50,Luca,121,MALE,2016
50,Savannah,87,FEMALE,2016
50,Michael,117,MALE,2015
50,Elizabeth,87,FEMALE,2015
50,Jordan,125,MALE,2014
50,Lola,91,FEMALE,2014
50,Luke,133,MALE,2013
50,Evelyn,97,FEMALE,2013
50,Hudson,134,MALE,2012
50,Imogen,98,FEMALE,2012
50,Leo,123,MALE,2011
50,Annabelle,83,FEMALE,2011
50,Adam,131,MALE,2010
50,Isabel,91,FEMALE,2010
50,Aiden,129,MALE,2009
50,Layla,91,FEMALE,2009
50,Luca,130,MALE,2008
50,Alyssa,88,FEMALE,2008
51,Jackson,128,MALE,2020
51,Alice,122,FEMALE,2020
51,Daniel,146,MALE,2019
51,Sadie,119,FEMALE,2019
51,Aiden,119,MALE,2018
51,Stella,95,FEMALE,2018
51,Jayden,127,MALE,2017
51,Annabelle,93,FEMALE,2017
51,Riley,120,MALE,2016
51,Alexis,86,FEMALE,2016
51,Finn,116,MALE,2015
51,Sofia,84,FEMALE,2015
51,Zachary,118,MALE,2014
51,Aria,88,FEMALE,2014
51,Flynn,131,MALE,2013
51,Poppy,95,FEMALE,2013
51,Jaxon,132,MALE,2012
51,Eliza,97,FEMALE,2012
51,Jordan,122,MALE,2011
51,Imogen,83,FEMALE,2011
51,Connor,127,MALE,2010
51,Milla,91,FEMALE,2010
51,Mason,121,MALE,2009
51,Annabelle,90,FEMALE,2009
51,Zachary,129,MALE,2008
51,Samantha,88,FEMALE,2008
52,Jasper,128,MALE,2020
52,Harriet,117,FEMALE,2020
52,Muhammad,144,MALE,2019
52,Stella,119,FEMALE,2019
52,Darcy,118,MALE,2018
52,Elsie,95,FEMALE,2018
52,Lincoln,126,MALE,2017
52,Mackenzie,88,FEMALE,2017
52,Louis,119,MALE,2016
52,Jasmine,85,FEMALE,2016
52,Tyler,111,MALE,2015
52,Savannah,83,FEMALE,2015
52,Ryder,117,MALE,2014
52,Indiana,86,FEMALE,2014
52,Nicholas,129,MALE,2013
52,Lola,95,FEMALE,2013
52,Michael,131,MALE,2012
52,Poppy,96,FEMALE,2012
52,Dylan,120,MALE,2011
52,Violet,83,FEMALE,2011
52,Dylan,127,MALE,2010
52,Amy,88,FEMALE,2010
52,Connor,119,MALE,2009
52,Kayla,90,FEMALE,2009
52,Connor,125,MALE,2008
52,Sophia,88,FEMALE,2008
53,Jude,127,MALE,2020
53,Poppy,114,FEMALE,2020
53,Arthur,141,MALE,2019
53,Harriet,118,FEMALE,2019
53,Angus,118,MALE,2018
53,Jasmine,93,FEMALE,2018
53,Jaxon,122,MALE,2017
53,Elizabeth,88,FEMALE,2017
53,Zachary,118,MALE,2016
53,Eliza,85,FEMALE,2016
53,Zachary,109,MALE,2015
53,Victoria,79,FEMALE,2015
53,Nate,116,MALE,2014
53,Holly,86,FEMALE,2014
53,Jordan,129,MALE,2013
53,Holly,93,FEMALE,2013
53,Mitchell,126,MALE,2012
53,Bella,89,FEMALE,2012
53,Flynn,119,MALE,2011
53,Eliza,82,FEMALE,2011
53,Zachary,126,MALE,2010
53,Eliza,86,FEMALE,2010
53,Adam,118,MALE,2009
53,Amy,89,FEMALE,2009
53,Darcy,124,MALE,2008
53,Jade,87,FEMALE,2008
54,Spencer,125,MALE,2020
54,Frankie,113,FEMALE,2020
54,Joseph,131,MALE,2019
54,Daisy,115,FEMALE,2019
54,Jasper,116,MALE,2018
54,Frankie,92,FEMALE,2018
54,Eli,121,MALE,2017
54,Sarah,87,FEMALE,2017
54,Arlo,115,MALE,2016
54,Eleanor,85,FEMALE,2016
54,Ryder,109,MALE,2015
54,Milla,78,FEMALE,2015
54,Luca,115,MALE,2014
54,Sarah,85,FEMALE,2014
54,Nathan,127,MALE,2013
54,Alexandra,92,FEMALE,2013
54,Ryder,125,MALE,2012
54,Alexandra,89,FEMALE,2012
54,Ryder,119,MALE,2011
54,Addison,81,FEMALE,2011
54,Zac,125,MALE,2010
54,Imogen,82,FEMALE,2010
54,Aidan,117,MALE,2009
54,Charli,89,FEMALE,2009
54,Adam,122,MALE,2008
54,Lara,87,FEMALE,2008
55,Austin,120,MALE,2020
55,Elsie,111,FEMALE,2020
55,Kai,129,MALE,2019
55,Penelope,112,FEMALE,2019
55,Louis,115,MALE,2018
55,Emilia,92,FEMALE,2018
55,Muhammad,119,MALE,2017
55,Sofia,86,FEMALE,2017
55,Jackson,114,MALE,2016
55,Alexandra,85,FEMALE,2016
55,Hamish,104,MALE,2015
55,Madison,78,FEMALE,2015
55,Jake,115,MALE,2014
55,Alexandra,85,FEMALE,2014
55,Ryder,125,MALE,2013
55,Elizabeth,88,FEMALE,2013
55,Nathan,125,MALE,2012
55,Molly,87,FEMALE,2012
55,Adam,115,MALE,2011
55,Claire,81,FEMALE,2011
55,Archer,124,MALE,2010
55,Bella,81,FEMALE,2010
55,Ryder,114,MALE,2009
55,Eva,89,FEMALE,2009
55,Jesse,122,MALE,2008
55,Amber,86,FEMALE,2008
56,Lincoln,120,MALE,2020
56,Mackenzie,105,FEMALE,2020
56,Michael,126,MALE,2019
56,Elizabeth,109,FEMALE,2019
56,Riley,113,MALE,2018
56,Lola,89,FEMALE,2018
56,Flynn,115,MALE,2017
56,Maddison,85,FEMALE,2017
56,Muhammad,110,MALE,2016
56,Mackenzie,84,FEMALE,2016
56,Dylan,104,MALE,2015
56,Holly,78,FEMALE,2015
56,Michael,114,MALE,2014
56,Anna,84,FEMALE,2014
56,Matthew,124,MALE,2013
56,Bella,88,FEMALE,2013
56,Leo,122,MALE,2012
56,Violet,85,FEMALE,2012
56,Connor,115,MALE,2011
56,Alyssa,80,FEMALE,2011
56,Ryder,122,MALE,2010
56,Mikayla,81,FEMALE,2010
56,Sebastian,112,MALE,2009
56,Claire,86,FEMALE,2009
56,Joseph,119,MALE,2008
56,Charli,86,FEMALE,2008
57,River,119,MALE,2020
57,Jasmine,103,FEMALE,2020
57,Riley,124,MALE,2019
57,Piper,108,FEMALE,2019
57,Jackson,113,MALE,2018
57,Heidi,89,FEMALE,2018
57,Adam,111,MALE,2017
57,Phoebe,82,FEMALE,2017
57,Michael,109,MALE,2016
57,Lola,84,FEMALE,2016
57,Spencer,103,MALE,2015
57,Billie,78,FEMALE,2015
57,Matthew,107,MALE,2014
57,Madison,83,FEMALE,2014
57,Michael,121,MALE,2013
57,Rose,87,FEMALE,2013
57,Hamish,121,MALE,2012
57,Paige,85,FEMALE,2012
57,Archer,110,MALE,2011
57,Lola,80,FEMALE,2011
57,Seth,115,MALE,2010
57,Audrey,80,FEMALE,2010
57,Hayden,111,MALE,2009
57,Jade,86,FEMALE,2009
57,Alex,117,MALE,2008
57,Eliza,86,FEMALE,2008
58,Felix,118,MALE,2020
58,Freya,102,FEMALE,2020
58,Jaxon,122,MALE,2019
58,Freya,106,FEMALE,2019
58,Zachary,108,MALE,2018
58,Eliza,89,FEMALE,2018
58,Hamish,110,MALE,2017
58,Eleanor,81,FEMALE,2017
58,Hugo,109,MALE,2016
58,Harriet,84,FEMALE,2016
58,Jordan,103,MALE,2015
58,Hazel,77,FEMALE,2015
58,Tyler,103,MALE,2014
58,Elizabeth,83,FEMALE,2014
58,Dylan,121,MALE,2013
58,Paige,84,FEMALE,2013
58,Jordan,120,MALE,2012
58,Hayley,85,FEMALE,2012
58,Finn,110,MALE,2011
58,Alexandra,79,FEMALE,2011
58,Darcy,114,MALE,2010
58,Lilly,80,FEMALE,2010
58,Zachary,111,MALE,2009
58,Isabel,85,FEMALE,2009
58,Brodie,117,MALE,2008
58,Natalie,85,FEMALE,2008
59,Eli,117,MALE,2020
59,Stella,100,FEMALE,2020
59,Zachary,121,MALE,2019
59,Elsie,105,FEMALE,2019
59,Eli,108,MALE,2018
59,Summer,84,FEMALE,2018
59,Spencer,109,MALE,2017
59,Daisy,81,FEMALE,2017
59,Austin,107,MALE,2016
59,Stella,83,FEMALE,2016
59,Jake,103,MALE,2015
59,Eden,77,FEMALE,2015
59,Nicholas,103,MALE,2014
59,Savannah,82,FEMALE,2014
59,Mitchell,119,MALE,2013
59,Addison,84,FEMALE,2013
59,Hayden,119,MALE,2012
59,Eve,85,FEMALE,2012
59,Mitchell,110,MALE,2011
59,Elizabeth,79,FEMALE,2011
59,Elijah,112,MALE,2010
59,Amber,79,FEMALE,2010
59,Hunter,109,MALE,2009
59,Lilly,85,FEMALE,2009
59,Hunter,117,MALE,2008
59,Phoebe,85,FEMALE,2008
60,Kai,116,MALE,2020
60,Elizabeth,97,FEMALE,2020
60,Adam,120,MALE,2019
60,Jasmine,105,FEMALE,2019
60,Flynn,106,MALE,2018
60,Rose,84,FEMALE,2018
60,Riley,107,MALE,2017
60,Lola,80,FEMALE,2017
60,Kai,106,MALE,2016
60,Phoebe,83,FEMALE,2016
60,Luke,100,MALE,2015
60,Anna,76,FEMALE,2015
60,Dylan,100,MALE,2014
60,Milla,80,FEMALE,2014
60,Finn,117,MALE,2013
60,Ellie,83,FEMALE,2013
60,Elijah,116,MALE,2012
60,Lola,83,FEMALE,2012
60,Elijah,107,MALE,2011
60,Harper,79,FEMALE,2011
60,Christian,110,MALE,2010
60,Poppy,79,FEMALE,2010
60,Gabriel,108,MALE,2009
60,Poppy,85,FEMALE,2009
60,Archer,115,MALE,2008
60,Annabelle,84,FEMALE,2008
61,Aiden,114,MALE,2020
61,Millie,95,FEMALE,2020
61,Eli,120,MALE,2019
61,Sarah,104,FEMALE,2019
61,Spencer,102,MALE,2018
61,Phoebe,84,FEMALE,2018
61,Louis,107,MALE,2017
61,Imogen,80,FEMALE,2017
61,Eli,105,MALE,2016
61,Frankie,83,FEMALE,2016
61,Adam,100,MALE,2015
61,Alyssa,75,FEMALE,2015
61,Kai,96,MALE,2014
61,Mackenzie,79,FEMALE,2014
61,Connor,116,MALE,2013
61,Eliza,82,FEMALE,2013
61,Finn,114,MALE,2012
61,Holly,82,FEMALE,2012
61,Jasper,107,MALE,2011
61,Charli,78,FEMALE,2011
61,Finn,109,MALE,2010
61,Annabelle,77,FEMALE,2010
61,Jesse,107,MALE,2009
61,Stephanie,85,FEMALE,2009
61,Marcus,114,MALE,2008
61,Madeleine,83,FEMALE,2008
62,Riley,114,MALE,2020
62,Rosie,95,FEMALE,2020
62,Spencer,120,MALE,2019
62,Mackenzie,97,FEMALE,2019
62,Kai,102,MALE,2018
62,Penelope,84,FEMALE,2018
62,Austin,106,MALE,2017
62,Anna,79,FEMALE,2017
62,Hamish,103,MALE,2016
62,Ayla,83,FEMALE,2016
62,Nate,95,MALE,2015
62,Harriet,73,FEMALE,2015
62,Spencer,95,MALE,2014
62,Alyssa,79,FEMALE,2014
62,Spencer,114,MALE,2013
62,Lilly,81,FEMALE,2013
62,Luca,113,MALE,2012
62,Annabelle,81,FEMALE,2012
62,Luca,107,MALE,2011
62,Molly,78,FEMALE,2011
62,Nate,109,MALE,2010
62,Heidi,76,FEMALE,2010
62,Zac,103,MALE,2009
62,Madeleine,84,FEMALE,2009
62,Caleb,113,MALE,2008
62,Summer,83,FEMALE,2008
63,Adam,112,MALE,2020
63,Quinn,91,FEMALE,2020
63,Aiden,118,MALE,2019
63,Eden,91,FEMALE,2019
63,Jaxon,98,MALE,2018
63,Ayla,84,FEMALE,2018
63,Angus,105,MALE,2017
63,Victoria,78,FEMALE,2017
63,Nathan,101,MALE,2016
63,Penelope,82,FEMALE,2016
63,Owen,94,MALE,2015
63,Alexis,73,FEMALE,2015
63,Luke,94,MALE,2014
63,Eden,78,FEMALE,2014
63,Eli,113,MALE,2013
63,Eve,81,FEMALE,2013
63,Marcus,110,MALE,2012
63,Victoria,79,FEMALE,2012
63,Marcus,105,MALE,2011
63,Ellie,77,FEMALE,2011
63,Hunter,108,MALE,2010
63,Abbey,74,FEMALE,2010
63,Jett,102,MALE,2009
63,Willow,84,FEMALE,2009
63,Aidan,112,MALE,2008
63,Gemma,81,FEMALE,2008
64,Jaxon,111,MALE,2020
64,Maeve,89,FEMALE,2020
64,Lincoln,118,MALE,2019
64,Eliza,90,FEMALE,2019
64,Arthur,97,MALE,2018
64,Piper,82,FEMALE,2018
64,Kai,104,MALE,2017
64,Alexis,78,FEMALE,2017
64,Fletcher,99,MALE,2016
64,Eden,81,FEMALE,2016
64,Blake,91,MALE,2015
64,Sadie,72,FEMALE,2015
64,Nathan,93,MALE,2014
64,Sadie,77,FEMALE,2014
64,Harvey,112,MALE,2013
64,Maddison,80,FEMALE,2013
64,Jasper,107,MALE,2012
64,Madeleine,78,FEMALE,2012
64,Hayden,104,MALE,2011
64,Amelie,74,FEMALE,2011
64,Marcus,108,MALE,2010
64,Alexandra,74,FEMALE,2010
64,Joseph,100,MALE,2009
64,Phoebe,83,FEMALE,2009
64,Mason,111,MALE,2008
64,Isla,81,FEMALE,2008
65,Angus,110,MALE,2020
65,Rose,88,FEMALE,2020
65,Flynn,116,MALE,2019
65,Heidi,89,FEMALE,2019
65,Joseph,96,MALE,2018
65,Mackenzie,81,FEMALE,2018
65,Michael,101,MALE,2017
65,Savannah,77,FEMALE,2017
65,Owen,98,MALE,2016
65,Emilia,80,FEMALE,2016
65,Lincoln,90,MALE,2015
65,Eve,72,FEMALE,2015
65,Finn,92,MALE,2014
65,Rose,75,FEMALE,2014
65,Lincoln,108,MALE,2013
65,Hayley,79,FEMALE,2013
65,Connor,105,MALE,2012
65,Addison,76,FEMALE,2012
65,Zac,103,MALE,2011
65,Hayley,74,FEMALE,2011
65,Leo,107,MALE,2010
65,Jade,74,FEMALE,2010
65,Darcy,99,MALE,2009
65,Lola,82,FEMALE,2009
65,Charles,110,MALE,2008
65,Kayla,81,FEMALE,2008
66,Sonny,110,MALE,2020
66,Kiara,86,FEMALE,2020
66,Carter,115,MALE,2019
66,Annabelle,88,FEMALE,2019
66,Adam,96,MALE,2018
66,Savannah,80,FEMALE,2018
66,Matthew,101,MALE,2017
66,Indiana,77,FEMALE,2017
66,Charles,96,MALE,2016
66,Rose,78,FEMALE,2016
66,Connor,90,MALE,2015
66,Lola,71,FEMALE,2015
66,Marcus,91,MALE,2014
66,Isabel,75,FEMALE,2014
66,Hugo,106,MALE,2013
66,Violet,78,FEMALE,2013
66,Nate,100,MALE,2012
66,Anna,75,FEMALE,2012
66,Christian,102,MALE,2011
66,Mila,73,FEMALE,2011
66,Bailey,104,MALE,2010
66,Kayla,74,FEMALE,2010
66,Seth,98,MALE,2009
66,Alexis,81,FEMALE,2009
66,Seth,107,MALE,2008
66,Isabel,79,FEMALE,2008
67,Leon,103,MALE,2020
67,Remi,85,FEMALE,2020
67,Charles,115,MALE,2019
67,Lola,88,FEMALE,2019
67,Beau,93,MALE,2018
67,Quinn,79,FEMALE,2018
67,Jasper,101,MALE,2017
67,Claire,77,FEMALE,2017
67,Jasper,95,MALE,2016
67,Anna,78,FEMALE,2016
67,Nathan,88,MALE,2015
67,Jessica,71,FEMALE,2015
67,Louis,91,MALE,2014
67,Chelsea,72,FEMALE,2014
67,Adam,106,MALE,2013
67,Olive,78,FEMALE,2013
67,Joseph,100,MALE,2012
67,Tahlia,74,FEMALE,2012
67,Harvey,102,MALE,2011
67,Lara,72,FEMALE,2011
67,Jasper,104,MALE,2010
67,Samantha,74,FEMALE,2010
67,Archer,97,MALE,2009
67,Stella,79,FEMALE,2009
67,Cody,106,MALE,2008
67,Tayla,79,FEMALE,2008
68,Leonardo,103,MALE,2020
68,Lola,84,FEMALE,2020
68,Austin,110,MALE,2019
68,Aurora,87,FEMALE,2019
68,Michael,92,MALE,2018
68,Madison,77,FEMALE,2018
68,Charles,101,MALE,2017
68,Bonnie,77,FEMALE,2017
68,Blake,90,MALE,2016
68,Annabelle,78,FEMALE,2016
68,Kai,87,MALE,2015
68,Alexandra,70,FEMALE,2015
68,Lincoln,91,MALE,2014
68,Emilia,71,FEMALE,2014
68,Louis,97,MALE,2013
68,Victoria,76,FEMALE,2013
68,George,99,MALE,2012
68,Ellie,73,FEMALE,2012
68,Joseph,99,MALE,2011
68,Mikayla,72,FEMALE,2011
68,Aaron,103,MALE,2010
68,Stephanie,73,FEMALE,2010
68,Declan,97,MALE,2009
68,Amelie,76,FEMALE,2009
68,Finn,105,MALE,2008
68,Eve,78,FEMALE,2008
69,Zachary,103,MALE,2020
69,Anna,83,FEMALE,2020
69,Felix,109,MALE,2019
69,Ariana,86,FEMALE,2019
69,Dylan,90,MALE,2018
69,Eden,77,FEMALE,2018
69,Ali,101,MALE,2017
69,Quinn,76,FEMALE,2017
69,Ryder,88,MALE,2016
69,Madison,76,FEMALE,2016
69,Eli,86,MALE,2015
69,Indiana,69,FEMALE,2015
69,Hamish,89,MALE,2014
69,Addison,71,FEMALE,2014
69,Joseph,96,MALE,2013
69,Madeleine,76,FEMALE,2013
69,Adam,99,MALE,2012
69,Alyssa,73,FEMALE,2012
69,Owen,99,MALE,2011
69,Phoebe,72,FEMALE,2011
69,Edward,102,MALE,2010
69,Violet,73,FEMALE,2010
69,Edward,96,MALE,2009
69,Audrey,76,FEMALE,2009
69,Joel,105,MALE,2008
69,Keira,76,FEMALE,2008
70,Gabriel,102,MALE,2020
70,Aurora,83,FEMALE,2020
70,Leon,109,MALE,2019
70,Phoebe,85,FEMALE,2019
70,Hamish,88,MALE,2018
70,Imogen,76,FEMALE,2018
70,Gabriel,100,MALE,2017
70,Eden,76,FEMALE,2017
70,Nathaniel,88,MALE,2016
70,Madeleine,76,FEMALE,2016
70,Chase,86,MALE,2015
70,Frankie,69,FEMALE,2015
70,Eli,88,MALE,2014
70,Madeleine,70,FEMALE,2014
70,Hamish,95,MALE,2013
70,Heidi,76,FEMALE,2013
70,Chase,94,MALE,2012
70,Rose,72,FEMALE,2012
70,Hudson,97,MALE,2011
70,Tahlia,72,FEMALE,2011
70,Alex,99,MALE,2010
70,Harper,72,FEMALE,2010
70,Lincoln,95,MALE,2009
70,Paige,76,FEMALE,2009
70,Aiden,103,MALE,2008
70,Alexis,74,FEMALE,2008
71,Darcy,99,MALE,2020
71,Amber,81,FEMALE,2020
71,Darcy,108,MALE,2019
71,Bonnie,83,FEMALE,2019
71,Nathan,86,MALE,2018
71,Alexis,75,FEMALE,2018
71,Connor,99,MALE,2017
71,Aurora,74,FEMALE,2017
71,Jude,87,MALE,2016
71,Victoria,74,FEMALE,2016
71,Beau,83,MALE,2015
71,Chelsea,68,FEMALE,2015
71,Austin,87,MALE,2014
71,Eliza,70,FEMALE,2014
71,George,95,MALE,2013
71,Eden,76,FEMALE,2013
71,Christian,93,MALE,2012
71,Pippa,72,FEMALE,2012
71,Chase,95,MALE,2011
71,Eve,71,FEMALE,2011
71,Charles,94,MALE,2010
71,Addison,70,FEMALE,2010
71,Alex,94,MALE,2009
71,Caitlin,75,FEMALE,2009
71,Sam,102,MALE,2008
71,Kiara,74,FEMALE,2008
72,Beau,98,MALE,2020
72,Maggie,81,FEMALE,2020
72,Jude,106,MALE,2019
72,Charlie,83,FEMALE,2019
72,Christian,86,MALE,2018
72,Anna,74,FEMALE,2018
72,Blake,98,MALE,2017
72,Summer,73,FEMALE,2017
72,Jake,86,MALE,2016
72,Sadie,74,FEMALE,2016
72,Austin,83,MALE,2015
72,Phoebe,67,FEMALE,2015
72,Owen,86,MALE,2014
72,Paige,69,FEMALE,2014
72,Nate,93,MALE,2013
72,Molly,75,FEMALE,2013
72,Bailey,93,MALE,2012
72,Claire,72,FEMALE,2012
72,Eli,95,MALE,2011
72,Madeleine,71,FEMALE,2011
72,Jesse,92,MALE,2010
72,Charli,70,FEMALE,2010
72,Caleb,94,MALE,2009
72,Gemma,75,FEMALE,2009
72,Andrew,100,MALE,2008
72,Madeline,72,FEMALE,2008
73,Michael,95,MALE,2020
73,Eloise,77,FEMALE,2020
73,Beau,105,MALE,2019
73,Imogen,83,FEMALE,2019
73,Tyler,85,MALE,2018
73,Ariana,73,FEMALE,2018
73,Joseph,97,MALE,2017
73,Rose,73,FEMALE,2017
73,Chase,86,MALE,2016
73,Charlie,74,FEMALE,2016
73,Ashton,83,MALE,2015
73,Rose,66,FEMALE,2015
73,Adam,86,MALE,2014
73,Harriet,69,FEMALE,2014
73,Braxton,90,MALE,2013
73,Isabel,75,FEMALE,2013
73,Owen,92,MALE,2012
73,Phoebe,71,FEMALE,2012
73,Bailey,94,MALE,2011
73,Alana,69,FEMALE,2011
73,Jett,92,MALE,2010
73,Madeleine,70,FEMALE,2010
73,Callum,93,MALE,2009
73,Bella,72,FEMALE,2009
73,Edward,98,MALE,2008
73,Evie,71,FEMALE,2008
74,Charles,93,MALE,2020
74,Bonnie,76,FEMALE,2020
74,Dylan,101,MALE,2019
74,Amber,81,FEMALE,2019
74,Nate,85,MALE,2018
74,Annabelle,73,FEMALE,2018
74,Caleb,97,MALE,2017
74,Heidi,73,FEMALE,2017
74,Theodore,85,MALE,2016
74,Addison,73,FEMALE,2016
74,Matthew,82,MALE,2015
74,Eleanor,66,FEMALE,2015
74,Caleb,84,MALE,2014
74,Victoria,66,FEMALE,2014
74,Chase,89,MALE,2013
74,Aria,73,FEMALE,2013
74,Harvey,92,MALE,2012
74,Piper,68,FEMALE,2012
74,Jesse,91,MALE,2011
74,Paige,69,FEMALE,2011
74,Joseph,91,MALE,2010
74,Eve,68,FEMALE,2010
74,Harvey,93,MALE,2009
74,Abbey,71,FEMALE,2009
74,Levi,97,MALE,2008
74,Layla,71,FEMALE,2008
75,Miles,93,MALE,2020
75,Charlie,76,FEMALE,2020
75,Connor,100,MALE,2019
75,Victoria,81,FEMALE,2019
75,Connor,85,MALE,2018
75,Bonnie,72,FEMALE,2018
75,Nate,93,MALE,2017
75,Florence,73,FEMALE,2017
75,Jaxon,85,MALE,2016
75,Aurora,72,FEMALE,2016
75,Marcus,82,MALE,2015
75,Claire,66,FEMALE,2015
75,Aaron,84,MALE,2014
75,Olive,66,FEMALE,2014
75,Bailey,89,MALE,2013
75,Phoebe,71,FEMALE,2013
75,Declan,91,MALE,2012
75,Madeline,68,FEMALE,2012
75,Darcy,90,MALE,2011
75,Piper,67,FEMALE,2011
75,Hudson,90,MALE,2010
75,Lola,67,FEMALE,2010
75,Tyson,91,MALE,2009
75,Madeline,68,FEMALE,2009
75,Anthony,95,MALE,2008
75,Leah,70,FEMALE,2008
76,Caleb,92,MALE,2020
76,Imogen,76,FEMALE,2020
76,Hamish,100,MALE,2019
76,Eloise,80,FEMALE,2019
76,Carter,85,MALE,2018
76,Elena,71,FEMALE,2018
76,Nicholas,92,MALE,2017
76,Elsie,72,FEMALE,2017
76,Adam,85,MALE,2016
76,Claire,71,FEMALE,2016
76,Theodore,81,MALE,2015
76,Molly,64,FEMALE,2015
76,Mitchell,83,MALE,2014
76,Eloise,66,FEMALE,2014
76,Nathaniel,88,MALE,2013
76,Alyssa,71,FEMALE,2013
76,Caleb,90,MALE,2012
76,Isabel,68,FEMALE,2012
76,George,90,MALE,2011
76,Samantha,67,FEMALE,2011
76,Caleb,89,MALE,2010
76,Caitlin,66,FEMALE,2010
76,Finn,90,MALE,2009
76,Tayla,68,FEMALE,2009
76,Christopher,95,MALE,2008
76,Mackenzie,70,FEMALE,2008
77,Parker,92,MALE,2020
77,Summer,76,FEMALE,2020
77,Parker,100,MALE,2019
77,Olive,79,FEMALE,2019
77,River,84,MALE,2018
77,Alyssa,71,FEMALE,2018
77,Tyler,91,MALE,2017
77,Ayla,72,FEMALE,2017
77,Caleb,84,MALE,2016
77,Eve,70,FEMALE,2016
77,Muhammad,78,MALE,2015
77,Eliza,64,FEMALE,2015
77,Joseph,83,MALE,2014
77,Ayla,66,FEMALE,2014
77,Jasper,86,MALE,2013
77,Savannah,69,FEMALE,2013
77,Braxton,90,MALE,2012
77,Indiana,68,FEMALE,2012
77,Caleb,89,MALE,2011
77,Caitlin,65,FEMALE,2011
77,Aidan,86,MALE,2010
77,Claire,66,FEMALE,2010
77,Sam,90,MALE,2009
77,Keira,67,FEMALE,2009
77,George,94,MALE,2008
77,Amelie,67,FEMALE,2008
78,Ryder,92,MALE,2020
78,Piper,75,FEMALE,2020
78,Asher,99,MALE,2019
78,Clara,78,FEMALE,2019
78,Leon,84,MALE,2018
78,Aurora,70,FEMALE,2018
78,Sonny,88,MALE,2017
78,Sadie,71,FEMALE,2017
78,Luke,83,MALE,2016
78,Maddison,69,FEMALE,2016
78,Jaxon,78,MALE,2015
78,Addison,64,FEMALE,2015
78,Felix,83,MALE,2014
78,Piper,65,FEMALE,2014
78,Austin,86,MALE,2013
78,Indiana,69,FEMALE,2013
78,Kai,89,MALE,2012
78,Evelyn,68,FEMALE,2012
78,Ashton,88,MALE,2011
78,Abbey,64,FEMALE,2011
78,Declan,85,MALE,2010
78,Ellie,66,FEMALE,2010
78,George,89,MALE,2009
78,Makayla,64,FEMALE,2009
78,Cameron,93,MALE,2008
78,Alicia,66,FEMALE,2008
79,Ezra,89,MALE,2020
79,Addison,74,FEMALE,2020
79,Elliot,97,MALE,2019
79,ANNA,77,FEMALE,2019
79,Leonardo,83,MALE,2018
79,Maddison,69,FEMALE,2018
79,Dylan,87,MALE,2017
79,Eloise,71,FEMALE,2017
79,Dylan,83,MALE,2016
79,Isabel,67,FEMALE,2016
79,Gabriel,78,MALE,2015
79,Madeleine,63,FEMALE,2015
79,Ashton,82,MALE,2014
79,Molly,64,FEMALE,2014
79,Lewis,85,MALE,2013
79,Anna,67,FEMALE,2013
79,Alex,89,MALE,2012
79,Charli,68,FEMALE,2012
79,Kai,88,MALE,2011
79,Heidi,64,FEMALE,2011
79,Sam,85,MALE,2010
79,Lara,65,FEMALE,2010
79,Joel,89,MALE,2009
79,Abby,63,FEMALE,2009
79,Toby,93,MALE,2008
79,Alannah,65,FEMALE,2008
80,Flynn,89,MALE,2020
80,Elena,74,FEMALE,2020
80,Gabriel,95,MALE,2019
80,Savannah,77,FEMALE,2019
80,Charles,82,MALE,2018
80,Luna,69,FEMALE,2018
80,Ashton,82,MALE,2017
80,Madison,70,FEMALE,2017
80,Beau,82,MALE,2016
80,Summer,66,FEMALE,2016
80,Maxwell,77,MALE,2015
80,Penelope,62,FEMALE,2015
80,Hayden,79,MALE,2014
80,Heidi,64,FEMALE,2014
80,Hayden,85,MALE,2013
80,Pippa,66,FEMALE,2013
80,Hugo,87,MALE,2012
80,Savannah,67,FEMALE,2012
80,Aaron,85,MALE,2011
80,Indiana,64,FEMALE,2011
80,Joel,84,MALE,2010
80,Paige,65,FEMALE,2010
80,Jasper,88,MALE,2009
80,Claudia,63,FEMALE,2009
80,Ryder,92,MALE,2008
80,Milla,65,FEMALE,2008
81,Lenny,89,MALE,2020
81,Heidi,74,FEMALE,2020
81,Ezra,94,MALE,2019
81,Holly,76,FEMALE,2019
81,Sonny,81,MALE,2018
81,Freya,69,FEMALE,2018
81,Toby,80,MALE,2017
81,Milla,68,FEMALE,2017
81,Spencer,81,MALE,2016
81,Olive,66,FEMALE,2016
81,Joseph,77,MALE,2015
81,Eloise,61,FEMALE,2015
81,Connor,79,MALE,2014
81,Bella,62,FEMALE,2014
81,Zac,82,MALE,2013
81,Mikayla,66,FEMALE,2013
81,Charles,87,MALE,2012
81,Gemma,66,FEMALE,2012
81,Nate,85,MALE,2011
81,Mackenzie,64,FEMALE,2011
81,Eli,83,MALE,2010
81,Amelie,63,FEMALE,2010
81,Christopher,87,MALE,2009
81,Mackenzie,62,FEMALE,2009
81,Will,92,MALE,2008
81,Anna,64,FEMALE,2008
82,Owen,89,MALE,2020
82,Madeline,73,FEMALE,2020
82,Fletcher,94,MALE,2019
82,Nina,76,FEMALE,2019
82,Blake,81,MALE,2018
82,Maggie,67,FEMALE,2018
82,Ryder,80,MALE,2017
82,Freya,67,FEMALE,2017
82,Nicholas,81,MALE,2016
82,Bella,66,FEMALE,2016
82,Nicholas,76,MALE,2015
82,Ariana,61,FEMALE,2015
82,Christian,77,MALE,2014
82,Ariana,62,FEMALE,2014
82,Owen,81,MALE,2013
82,Madeline,65,FEMALE,2013
82,Austin,87,MALE,2012
82,Ebony,66,FEMALE,2012
82,Charles,84,MALE,2011
82,Olive,62,FEMALE,2011
82,Tyson,83,MALE,2010
82,Gemma,63,FEMALE,2010
82,Andrew,85,MALE,2009
82,Angelina,61,FEMALE,2009
82,Zac,92,MALE,2008
82,Claudia,64,FEMALE,2008
83,Bodhi,87,MALE,2020
83,Phoebe,73,FEMALE,2020
83,Ali,93,MALE,2019
83,Summer,76,FEMALE,2019
83,Felix,80,MALE,2018
83,Elizabeth,67,FEMALE,2018
83,Luke,80,MALE,2017
83,Eve,67,FEMALE,2017
83,Felix,80,MALE,2016
83,Madeline,65,FEMALE,2016
83,Jett,75,MALE,2015
83,Heidi,60,FEMALE,2015
83,Alex,77,MALE,2014
83,Madeline,61,FEMALE,2014
83,Christian,81,MALE,2013
83,Amelie,65,FEMALE,2013
83,Eli,85,MALE,2012
83,Sofia,65,FEMALE,2012
83,Declan,81,MALE,2011
83,Savannah,62,FEMALE,2011
83,Lincoln,82,MALE,2010
83,Madeline,62,FEMALE,2010
83,Marcus,85,MALE,2009
83,Talia,61,FEMALE,2009
83,Aaron,91,MALE,2008
83,Audrey,63,FEMALE,2008
84,Billy,86,MALE,2020
84,Savannah,73,FEMALE,2020
84,Aaron,92,MALE,2019
84,Rose,72,FEMALE,2019
84,Ali,80,MALE,2018
84,Olive,66,FEMALE,2018
84,Nathan,79,MALE,2017
84,Lilly,66,FEMALE,2017
84,Sonny,77,MALE,2016
84,Ariana,65,FEMALE,2016
84,Jasper,75,MALE,2015
84,Isabel,59,FEMALE,2015
84,Muhammad,76,MALE,2014
84,Elsie,61,FEMALE,2014
84,Darcy,80,MALE,2013
84,Samantha,63,FEMALE,2013
84,Ashton,85,MALE,2012
84,Heidi,65,FEMALE,2012
84,Gabriel,81,MALE,2011
84,Victoria,61,FEMALE,2011
84,Chase,80,MALE,2010
84,Rose,62,FEMALE,2010
84,Elijah,83,MALE,2009
84,Addison,60,FEMALE,2009
84,Declan,91,MALE,2008
84,Sofia,63,FEMALE,2008
85,Fletcher,86,MALE,2020
85,Sarah,71,FEMALE,2020
85,Matthew,92,MALE,2019
85,Kiara,71,FEMALE,2019
85,Matthew,79,MALE,2018
85,Madeleine,65,MALE,2018
85,Owen,76,MALE,2017
85,Bella,66,FEMALE,2017
85,Gabriel,77,MALE,2016
85,Jessica,63,FEMALE,2016
85,Christian,75,MALE,2015
85,Olive,57,FEMALE,2015
85,Jasper,76,MALE,2014
85,Phoebe,60,FEMALE,2014
85,Beau,80,MALE,2013
85,Eloise,63,FEMALE,2013
85,Jett,84,MALE,2012
85,Eden,65,FEMALE,2012
85,Jett,81,MALE,2011
85,Gemma,60,FEMALE,2011
85,Kai,80,MALE,2010
85,Abby,61,FEMALE,2010
85,Brodie,81,MALE,2009
85,Ebony,60,FEMALE,2009
85,Callum,90,MALE,2008
85,Victoria,63,FEMALE,2008
86,Ali,84,MALE,2020
86,Olive,69,FEMALE,2020
86,Nathan,92,MALE,2019
86,Addison,70,FEMALE,2019
86,Caleb,77,MALE,2018
86,Indiana,65,FEMALE,2018
86,Fletcher,76,MALE,2017
86,Holly,65,FEMALE,2017
86,Lewis,76,MALE,2016
86,Holly,63,FEMALE,2016
86,Nathaniel,74,MALE,2015
86,Charlie,57,FEMALE,2015
86,Chase,75,MALE,2014
86,Eve,60,FEMALE,2014
86,Aaron,80,MALE,2013
86,Amber,61,FEMALE,2013
86,Tyson,82,MALE,2012
86,Charlie,63,FEMALE,2012
86,Aidan,78,MALE,2011
86,Leah,60,FEMALE,2011
86,Toby,80,MALE,2010
86,Eden,59,FEMALE,2010
86,Aaron,80,MALE,2009
86,Anna,58,FEMALE,2009
86,Jett,90,MALE,2008
86,Ashley,62,FEMALE,2008
87,Hamish,84,MALE,2020
87,Annabelle,67,FEMALE,2020
87,Sonny,92,MALE,2019
87,Lara,70,FEMALE,2019
87,Jude,76,MALE,2018
87,Alexandra,63,FEMALE,2018
87,Billy,76,MALE,2017
87,Elena,65,FEMALE,2017
87,Darcy,76,MALE,2016
87,Elsie,63,FEMALE,2016
87,Fletcher,72,MALE,2015
87,Emilia,55,FEMALE,2015
87,Maxwell,74,MALE,2014
87,Claire,60,FEMALE,2014
87,Ali,79,MALE,2013
87,Amy,60,FEMALE,2013
87,Zac,80,MALE,2012
87,Lara,60,FEMALE,2012
87,Austin,78,MALE,2011
87,Sofia,60,FEMALE,2011
87,Anthony,79,MALE,2010
87,Mackenzie,59,FEMALE,2010
87,Eli,79,MALE,2009
87,Heidi,58,FEMALE,2009
87,Ashton,87,MALE,2008
87,Lauren,62,FEMALE,2008
88,Luke,83,MALE,2020
88,Ariana,67,FEMALE,2020
88,Marcus,91,MALE,2019
88,Pippa,70,FEMALE,2019
88,Billy,76,MALE,2018
88,Eloise,62,FEMALE,2018
88,Jude,73,MALE,2017
88,Ariana,65,FEMALE,2017
88,Connor,76,MALE,2016
88,Alyssa,63,FEMALE,2016
88,Lewis,71,MALE,2015
88,Aurora,55,FEMALE,2015
88,Toby,72,MALE,2014
88,Pippa,59,FEMALE,2014
88,Charles,77,MALE,2013
88,Tahlia,59,FEMALE,2013
88,Spencer,80,MALE,2012
88,Kayla,59,FEMALE,2012
88,Jonathan,78,MALE,2011
88,Amy,59,FEMALE,2011
88,Hayden,79,MALE,2010
88,Keira,58,FEMALE,2010
88,Jonathan,79,MALE,2009
88,Rose,58,FEMALE,2009
88,Flynn,87,MALE,2008
88,Gabriella,61,FEMALE,2008
89,Nathan,82,MALE,2020
89,Isabel,67,FEMALE,2020
89,Caleb,90,MALE,2019
89,Quinn,70,FEMALE,2019
89,Maxwell,75,MALE,2018
89,Victoria,61,FEMALE,2018
89,Arthur,73,MALE,2017
89,Alexandra,64,FEMALE,2017
89,Mitchell,75,MALE,2016
89,Paige,62,FEMALE,2016
89,Mitchell,69,MALE,2015
89,Piper,54,FEMALE,2015
89,Theodore,72,MALE,2014
89,Hayley,59,FEMALE,2014
89,Toby,76,MALE,2013
89,Harriet,58,FEMALE,2013
89,Seth,80,MALE,2012
89,Amy,57,FEMALE,2012
89,Hugo,76,MALE,2011
89,Bella,59,FEMALE,2011
89,Owen,79,MALE,2010
89,Eloise,57,FEMALE,2010
89,Flynn,78,MALE,2009
89,Ashley,56,FEMALE,2009
89,Gabriel,84,MALE,2008
89,Kate,61,FEMALE,2008
90,Toby,81,MALE,2020
90,Eden,66,FEMALE,2020
90,Ryder,90,MALE,2019
90,Remi,70,FEMALE,2019
90,Gabriel,75,MALE,2018
90,Milla,60,FEMALE,2018
90,Lewis,72,MALE,2017
90,Addison,64,FEMALE,2017
90,Maxwell,75,MALE,2016
90,Chelsea,62,FEMALE,2016
90,Charles,69,MALE,2015
90,Madeline,54,FEMALE,2015
90,Gabriel,71,MALE,2014
90,Daisy,59,FEMALE,2014
90,Marcus,76,MALE,2013
90,Millie,57,FEMALE,2013
90,Louis,80,MALE,2012
90,Alana,54,FEMALE,2012
90,Jaxon,76,MALE,2011
90,Evelyn,59,FEMALE,2011
90,George,78,MALE,2010
90,Alana,56,FEMALE,2010
90,Hudson,78,MALE,2009
90,Leah,56,FEMALE,2009
90,Jai,84,MALE,2008
90,Laura,61,FEMALE,2008
91,Connor,79,MALE,2020
91,Maddison,66,FEMALE,2020
91,Ari,89,MALE,2019
91,Claire,69,FEMALE,2019
91,Toby,74,MALE,2018
91,Pippa,59,FEMALE,2018
91,Felix,72,MALE,2017
91,Eliza,62,FEMALE,2017
91,Matthew,75,MALE,2016
91,Indiana,60,FEMALE,2016
91,Toby,66,MALE,2015
91,Elsie,53,FEMALE,2015
91,Evan,71,MALE,2014
91,Charlie,59,FEMALE,2014
91,David,76,MALE,2013
91,Lexi,57,FEMALE,2013
91,Aidan,80,MALE,2012
91,Stephanie,53,FEMALE,2012
91,Seth,76,MALE,2011
91,Madeline,59,FEMALE,2011
91,Flynn,77,MALE,2010
91,Anna,56,FEMALE,2010
91,Jai,78,MALE,2009
91,Rachel,56,FEMALE,2009
91,David,83,MALE,2008
91,Lola,61,FEMALE,2008
92,Dylan,79,MALE,2020
92,Molly,66,FEMALE,2020
92,Jake,88,MALE,2019
92,Elena,69,FEMALE,2019
92,Owen,74,MALE,2018
92,Bella,59,FEMALE,2018
92,Maxwell,71,MALE,2017
92,Madeleine,61,FEMALE,2017
92,Marcus,75,MALE,2016
92,Bonnie,59,FEMALE,2016
92,Darcy,66,MALE,2015
92,Daisy,51,FEMALE,2015
92,Charles,70,MALE,2014
92,Sara,57,FEMALE,2014
92,Caleb,75,MALE,2013
92,Lara,57,FEMALE,2013
92,Toby,78,MALE,2012
92,Sara,53,FEMALE,2012
92,Sam,75,MALE,2011
92,Amber,58,FEMALE,2011
92,Gabriel,77,MALE,2010
92,Asha,56,FEMALE,2010
92,Anthony,75,MALE,2009
92,Samantha,56,FEMALE,2009
92,Leo,83,MALE,2008
92,Bella,60,FEMALE,2008
93,Joseph,78,MALE,2020
93,Leah,64,FEMALE,2020
93,Vincent,87,MALE,2019
93,Madison,69,FEMALE,2019
93,Luke,74,MALE,2018
93,Claire,58,FEMALE,2018
93,Jake,71,MALE,2017
93,Maggie,60,FEMALE,2017
93,Joseph,74,MALE,2016
93,Aisha,59,FEMALE,2016
93,Billy,66,MALE,2015
93,Aisha,51,FEMALE,2015
93,Bailey,68,MALE,2014
93,Lilly,57,FEMALE,2014
93,Ashton,75,MALE,2013
93,Charli,57,FEMALE,2013
93,Lincoln,78,MALE,2012
93,Olive,53,FEMALE,2012
93,Alex,74,MALE,2011
93,Rose,58,FEMALE,2011
93,Hugo,77,MALE,2010
93,Makayla,55,FEMALE,2010
93,Owen,74,MALE,2009
93,Ivy,55,FEMALE,2009
93,Lincoln,82,MALE,2008
93,Ebony,60,FEMALE,2008
94,Asher,77,MALE,2020
94,Ada,63,FEMALE,2020
94,Lenny,86,MALE,2019
94,Maeve,69,FEMALE,2019
94,Nicholas,73,MALE,2018
94,Charlie,58,FEMALE,2018
94,Parker,70,MALE,2017
94,Anastasia,59,FEMALE,2017
94,Christian,74,MALE,2016
94,Quinn,58,FEMALE,2016
94,Julian,65,MALE,2015
94,Natalie,50,FEMALE,2015
94,Anthony,68,MALE,2014
94,Hazel,57,FEMALE,2014
94,Alex,75,MALE,2013
94,Stephanie,56,FEMALE,2013
94,Felix,78,MALE,2012
94,Natalie,53,FEMALE,2012
94,David,74,MALE,2011
94,Stephanie,56,FEMALE,2011
94,Jonathan,77,MALE,2010
94,Victoria,55,FEMALE,2010
94,Cameron,73,MALE,2009
94,Natasha,55,FEMALE,2009
94,Kai,81,MALE,2008
94,Poppy,60,FEMALE,2008
95,Matthew,76,MALE,2020
95,Bella,62,FEMALE,2020
95,OWEN,86,MALE,2019
95,Alexis,68,FEMALE,2019
95,Ryder,72,MALE,2018
95,Adeline,58,FEMALE,2018
95,Leonardo,68,MALE,2017
95,Isabel,58,FEMALE,2017
95,John,70,MALE,2016
95,Daisy,58,FEMALE,2016
95,Felix,65,MALE,2015
95,Lexi,50,FEMALE,2015
95,Zac,67,MALE,2014
95,Frankie,57,FEMALE,2014
95,Felix,74,MALE,2013
95,Daisy,55,FEMALE,2013
95,Darcy,78,MALE,2012
95,Leah,53,FEMALE,2012
95,Louis,74,MALE,2011
95,Jade,53,FEMALE,2011
95,Andrew,76,MALE,2010
95,Olive,54,FEMALE,2010
95,Toby,73,MALE,2009
95,Kiara,54,FEMALE,2009
95,Elijah,78,MALE,2008
95,Angelina,59,FEMALE,2008
96,Ashton,75,MALE,2020
96,Lara,61,FEMALE,2020
96,Nate,85,MALE,2019
96,Millie,68,FEMALE,2019
96,Rafael,71,MALE,2018
96,Molly,56,FEMALE,2018
96,Jesse,68,MALE,2017
96,Madeline,57,FEMALE,2017
96,Ashton,70,MALE,2016
96,Maggie,57,FEMALE,2016
96,Arlo,65,MALE,2015
96,Bella,50,FEMALE,2015
96,Fletcher,67,MALE,2014
96,Lexi,55,FEMALE,2014
96,Joel,71,MALE,2013
96,Leah,54,FEMALE,2013
96,Anthony,78,MALE,2012
96,Kiara,53,FEMALE,2012
96,Anthony,73,MALE,2011
96,Charlie,52,FEMALE,2011
96,Callum,75,MALE,2010
96,Piper,54,FEMALE,2010
96,Leo,72,MALE,2009
96,Victoria,54,FEMALE,2009
96,Jasper,78,MALE,2008
96,Bianca,59,FEMALE,2008
97,Marcus,75,MALE,2020
97,Peyton,61,FEMALE,2020
97,Ashton,83,MALE,2019
97,MADDISON,67,FEMALE,2019
97,Ashton,70,MALE,2018
97,Lara,56,FEMALE,2018
97,Leon,67,MALE,2017
97,Lara,57,FEMALE,2017
97,Ali,70,MALE,2016
97,Molly,56,FEMALE,2016
97,Alex,65,MALE,2015
97,Ayla,50,FEMALE,2015
97,Nathaniel,66,MALE,2014
97,Billie,55,FEMALE,2014
97,Jesse,71,MALE,2013
97,Indigo,54,FEMALE,2013
97,Beau,75,MALE,2012
97,Jade,53,FEMALE,2012
97,Lewis,73,MALE,2011
97,Eden,52,FEMALE,2011
97,Jai,74,MALE,2010
97,Sofia,54,FEMALE,2010
97,Nate,72,MALE,2009
97,Eden,53,FEMALE,2009
97,Julian,77,MALE,2008
97,Abby,58,FEMALE,2008
98,Ari,74,MALE,2020
98,Pippa,61,FEMALE,2020
98,Billy,83,MALE,2019
98,Madeline,67,FEMALE,2019
98,Asher,70,MALE,2018
98,Edith,56,FEMALE,2018
98,Ari,67,MALE,2017
98,Harlow,57,FEMALE,2017
98,Toby,69,MALE,2016
98,Heidi,56,FEMALE,2016
98,Hayden,63,MALE,2015
98,Kiara,49,FEMALE,2015
98,Ali,66,MALE,2014
98,Penelope,54,FEMALE,2014
98,Aidan,67,MALE,2013
98,Claire,54,FEMALE,2013
98,Aaron,75,MALE,2012
98,Billie,53,FEMALE,2012
98,Andrew,72,MALE,2011
98,Abby,51,FEMALE,2011
98,John,74,MALE,2010
98,Alicia,53,FEMALE,2010
98,Ashton,70,MALE,2009
98,Eloise,53,FEMALE,2009
98,Owen,77,MALE,2008
98,Ellie,57,FEMALE,2008
99,John,74,MALE,2020
99,Harlow,59,FEMALE,2020
99,Christian,83,MALE,2019
99,Molly,66,FEMALE,2019
99,Parker,68,MALE,2018
99,Millie,55,FEMALE,2018
99,Asher,66,MALE,2017
99,Luna,56,FEMALE,2017
99,Billy,67,MALE,2016
99,Eloise,56,FEMALE,2016
99,Ali,63,MALE,2015
99,Samantha,48,FEMALE,2015
99,Jude,65,MALE,2014
99,Millie,54,FEMALE,2014
99,Jude,66,MALE,2013
99,Piper,53,FEMALE,2013
99,Gabriel,71,MALE,2012
99,Amber,53,FEMALE,2012
99,Beau,70,MALE,2011
99,Angelina,51,FEMALE,2011
99,Cameron,72,MALE,2010
99,Indiana,53,FEMALE,2010
99,Charles,70,MALE,2009
99,Bianca,52,FEMALE,2009
99,Spencer,77,MALE,2008
99,Indiana,57,FEMALE,2008
100,Lewis,74,MALE,2020
100,Madison,59,FEMALE,2020
100,Miles,82,MALE,2019
100,Riley,66,FEMALE,2019
100,Lewis,68,MALE,2018
100,Isabel,54,FEMALE,2018
100,Aaron,66,MALE,2017
100,Jessica,56,FEMALE,2017
100,Lenny,66,MALE,2016
100,Leah,55,FEMALE,2016
100,Aaron,63,MALE,2015
100,Paige,48,FEMALE,2015
100,Lenny,61,MALE,2014
100,Amy,54,FEMALE,2014
100,John,66,MALE,2013
100,Penelope,53,FEMALE,2013
100,Julian,70,MALE,2012
100,Harriet,52,FEMALE,2012
100,Callum,69,MALE,2011
100,Daisy,51,FEMALE,2011
100,Ashton,70,MALE,2010
100,Alannah,51,FEMALE,2010
100,David,70,MALE,2009
100,Indiana,52,FEMALE,2009
100,Harvey,76,MALE,2008
100,Eden,56,FEMALE,2008
